model,dataset,raw_ece,raw_mce,raw_brier,temp_T,temp_ece,temp_mce,temp_brier,temp_delta_ece,platt_coef,platt_intercept,platt_ece,platt_mce,platt_brier,platt_delta_ece,iso_ece,iso_mce,iso_brier,iso_delta_ece
minilm-l6,trec-covid,0.23493210248374763,0.4430842124498807,0.2548786179136152,4.401586567504006,0.045258989036769115,0.1458758373518248,0.1963741377511681,-0.18967311344697851,0.23242603864644518,-0.04190625023661549,0.04422955636805301,0.17481623844402594,0.19613506359207783,-0.19070254611569462,0.027200490176266155,0.196953022480011,0.19405877952759598,-0.20773161230748147
minilm-l6,nfcorpus,0.7122920662736335,0.9917628793045878,0.6537199168023512,19.999993094073297,0.5370213568333371,0.6167172491550446,0.29179861877595675,-0.17527070944029643,,,,,,,0.0,0.0,0.0,-0.7122920662736335
minilm-l6,fiqa,0.3024162050464717,0.9821302760392427,0.22217838877764762,4.357042417431871,0.39963413018082816,0.8985099792480469,0.19352324606721696,0.09721792513435645,,,,,,,0.0,0.0,0.0,-0.3024162050464717
minilm-l6,scifact,0.25641020517421254,0.9828039221465588,0.18901262621862966,5.565333843160106,0.397873651111286,0.880704440176487,0.1851597071739364,0.14146344593707344,,,,,,,0.0,0.0,0.0,-0.25641020517421254
minilm-l6,arguana,0.5576466827633535,0.9743885062634945,0.42721681640214393,19.999995981181453,0.5067047282464598,0.6113030016422272,0.25773899303183945,-0.05094195451689365,,,,,,,0.0,0.0,0.0,-0.5576466827633535
minilm-l6,scidocs,0.5336664637693507,0.9008446037769318,0.46219598328007916,19.999995541733057,0.4644947786140335,0.4945083545601886,0.2611407855717605,-0.06917168515531719,0.26799832516808064,3.8384317141770223,0.017611421417894343,0.21376758813858032,0.04366432842010989,-0.5160550423514564,0.010758383399066672,0.6666666567325592,0.04512459056738145,-0.522908080370284
minilm-l6,webis-touche2020,0.2288210172171019,0.5787931084632874,0.2267848708035812,4.826696835834579,0.21456935683136466,0.4220277025149419,0.20050413495987335,-0.014251660385737247,0.1420866285183288,1.0126845004653973,0.10259702173793839,0.39484795928001404,0.16247016441542558,-0.12622399547916352,0.0499765789546307,0.6970529854297638,0.1611567953483111,-0.1788444382624712
minilm-l6,quora,0.10680662857219926,0.9737998712807894,0.05930170107534559,1.1282405082590117,0.11387891777104614,0.9828986898064613,0.05916028446315435,0.007072289198846879,,,,,,,0.0,0.0,0.0,-0.10680662857219926
minilm-l6,dbpedia-entity,0.29663573830396395,0.6061985090093793,0.2935017623621766,5.831676149604897,0.2190502096471431,0.3230633873017237,0.21322969508825573,-0.07758552865682083,0.3393851885280135,-1.522885699882511,0.027449792710667838,0.09709566852071438,0.15865912824546774,-0.2691859455932961,0.024058338018563087,0.062251997169973206,0.1583782960266807,-0.27257740028540084
minilm-l12,trec-covid,0.25114574637885606,0.38414825804262276,0.26434138966596976,4.83742580325122,0.058311994921660386,0.18879511111821884,0.19770688494809854,-0.19283375145719567,0.247211055838153,-0.29758322786865604,0.04388661021141654,0.2378793025016785,0.19483338239461281,-0.20725913616743952,0.04234463655388773,0.19416480594211155,0.193153634741507,-0.20880110982496833
minilm-l12,nfcorpus,0.6009723361932607,0.9900138499215245,0.538018545994554,19.999996219051077,0.5210982561725297,0.6169644296169281,0.2754780789414756,-0.07987408002073104,,,,,,,0.0,0.0,0.0,-0.6009723361932607
minilm-l12,fiqa,0.2331648369778007,0.9862221870571375,0.16556829134613635,2.8052850434757195,0.3162572526584857,0.9582897424697876,0.15569882046984082,0.08309241568068501,,,,,,,0.0,0.0,0.0,-0.2331648369778007
minilm-l12,scifact,0.21484732670371962,0.9854492079466581,0.16405862576864602,4.297429372449395,0.3442233572870293,0.9048788994550705,0.15800458766691453,0.12937603058330968,,,,,,,0.0,0.0,0.0,-0.21484732670371962
minilm-l12,arguana,0.2782690808443086,0.9809482600539923,0.1915400029753835,2.4285875716521543,0.3486115617060462,0.971009423956275,0.1793400432626546,0.07034248086173756,,,,,,,0.0,0.0,0.0,-0.2782690808443086
minilm-l12,scidocs,0.4877939052153232,0.8576748190528672,0.42048646725324046,19.99999476738354,0.4580673321056796,0.4882366674741109,0.2550061811721654,-0.02972657310964355,0.264349500446382,3.722144920413919,0.01706814463539078,0.23170122702916462,0.043400717867569716,-0.4707257605799324,0.015405324864145569,0.5588481426239014,0.044996102320505035,-0.4723885803511776
minilm-l12,webis-touche2020,0.16631201954570202,0.690962553024292,0.17907552276119773,3.9736120170810643,0.15985817176366005,0.436718225479126,0.16999309231166004,-0.0064538477820419715,0.17339948037498767,0.7223074881095674,0.11010894235574972,0.27327827846302705,0.15749225512166404,-0.056203077189952294,0.03773983820991694,0.23809523738565896,0.15135332355991085,-0.12857218133578507
minilm-l12,quora,0.08182177907482652,0.980112237855792,0.045271906886508936,1.109156709356754,0.08730431651938501,0.9836594089865685,0.04533664041712449,0.005482537444558497,,,,,,,0.0,0.0,0.0,-0.08182177907482652
minilm-l12,dbpedia-entity,0.31344811660644345,0.646557059844685,0.30853142162359876,6.588227321871549,0.22146623424392098,0.33797364433606464,0.21857479126657503,-0.09198188236252247,0.3323771370195872,-1.6062430038114683,0.028152087640461124,0.12487161159515381,0.16109029508695527,-0.28529602896598233,0.018642205963257327,0.07543568540427645,0.16087724975672418,-0.2948059106431861
tinybert-l2,trec-covid,0.2760267762126459,0.33898030072450636,0.2863520365948646,6.475646724716709,0.05535986472534228,0.14370048089303833,0.20634664972989075,-0.2206669114873036,0.15512254116667146,-0.007653151028564015,0.05671596110415815,0.14308285756387573,0.206327326663584,-0.2193108151084877,0.03333095417404065,0.5,0.2054507460428497,-0.24269582203860524
tinybert-l2,nfcorpus,0.7669283326688373,0.9941992512904108,0.727414533089851,19.99999309523735,0.5518828895936665,0.6197938621044159,0.3088119860888125,-0.21504544307517082,,,,,,,0.0,0.0,0.0,-0.7669283326688373
tinybert-l2,fiqa,0.40478807300693864,0.9882867923006415,0.3436061189502516,15.871785490214364,0.4845013310196538,0.6228097379207611,0.24051157783560778,0.07971325801271517,,,,,,,0.0,0.0,0.0,-0.40478807300693864
tinybert-l2,scifact,0.32898199105097736,0.9857400460168719,0.28167635343637526,6.265832162784695,0.42350863810353634,0.8325991928577423,0.21148210406169995,0.09452664705255898,,,,,,,0.0,0.0,0.0,-0.32898199105097736
tinybert-l2,arguana,0.6479880950487245,0.9889869904145598,0.5723234655445162,19.9999929291421,0.5244156818802959,0.6095273792743683,0.2775382156178223,-0.1235724131684286,,,,,,,0.0,0.0,0.0,-0.6479880950487245
tinybert-l2,scidocs,0.5402150317971943,0.9059204384684563,0.49549856671701054,19.999995608922546,0.4673438863461289,0.4868417978286743,0.26556128404456075,-0.07287114545106543,0.24169412177119334,3.891019616722857,0.003892466812284311,0.12175710995992028,0.046073716584309934,-0.53632256498491,0.008660569400636784,0.2505224943161011,0.04682548992117638,-0.5315544623965576
tinybert-l2,webis-touche2020,0.3388698973704668,0.7104763984680176,0.323302929396046,11.081018535208347,0.2443748899975663,0.738063782453537,0.23340897121990462,-0.09449500737290051,0.06624011357845667,1.210701634334203,0.06028258032019031,0.485769129716433,0.16749439677644173,-0.2785873170502765,0.031873570485684864,0.32142857142857145,0.16481223254780875,-0.30699632688478196
tinybert-l2,quora,0.09158361717732112,0.9864334734156728,0.07341847204046373,2.10534855898917,0.11900421134043188,0.9640756398439407,0.06450329243542846,0.027420594163110754,,,,,,,0.0,0.0,0.0,-0.09158361717732112
tinybert-l2,dbpedia-entity,0.28079771610499044,0.5074337539465531,0.2946269302558543,6.746783442562571,0.19598432142629107,0.25938706193958316,0.21688521772842564,-0.08481339467869936,0.22769142999937725,-1.1194886680096385,0.029828738833409817,0.19765794277191162,0.17741516096973292,-0.25096897727158063,0.025135714674347807,0.07499999999999996,0.17675563132927033,-0.2556620014306426
bge-reranker,trec-covid,0.22759934087949446,0.40109550952911377,0.2609970880401996,4.386437874427812,0.037300807860078715,0.1949890892614018,0.20323087461988731,-0.19029853301941574,0.21912663985957764,0.08129495223731976,0.0413524478039478,0.22319785280283105,0.20310033178760006,-0.18624689307554665,0.02834699055130653,0.1616280178229014,0.2026617861006222,-0.19925235032818794
bge-reranker,nfcorpus,0.664896020365555,0.9874692233279347,0.5726801389538517,19.999993151130507,0.5246015252769914,0.6152040362358093,0.277438482162206,-0.1402944950885635,,,,,,,0.0,0.0,0.0,-0.664896020365555
bge-reranker,fiqa,0.49373228747949566,0.9788744319230318,0.3953370176762506,19.99999520834948,0.49911988703977495,0.6088629066944122,0.2511819590549436,0.005387599560279288,,,,,,,0.0,0.0,0.0,-0.49373228747949566
bge-reranker,scifact,0.4349878934030765,0.9834967721253633,0.35673972531008313,11.683575660149751,0.4830125096260301,0.6971993446350098,0.24024504773193076,0.04802461622295362,,,,,,,0.0,0.0,0.0,-0.4349878934030765
bge-reranker,arguana,0.45310133882433085,0.9778871834278107,0.3398972849637519,8.696155581352686,0.48981648570317265,0.7490333616733551,0.24742718396280916,0.03671514687884181,,,,,,,0.0,0.0,0.0,-0.45310133882433085
bge-reranker,scidocs,0.7623428018488568,0.9045242303110352,0.6969276260901812,19.99999322022611,0.4881962345579163,0.5015984923596595,0.28510861799418574,-0.27414656729094056,0.4425138323060994,5.031795808173857,0.0064122121793710124,0.10958778858184814,0.045653918287749895,-0.7559305896694858,0.011675846549811504,0.25,0.04640303194337487,-0.7506669552990454
bge-reranker,webis-touche2020,0.29223438883024566,0.6459622884338553,0.2761842695044014,6.780392364206288,0.23582531708591387,0.8141297698020935,0.21569762703995127,-0.056409071744331796,0.15123323082721482,1.2777570967613123,0.06837216132092026,0.5589844584465027,0.15634068459826714,-0.22386222750932538,0.01860791444778439,0.13636363636363635,0.15302954683795741,-0.2736264743824613
bge-reranker,quora,0.05809958528942998,0.973024332895875,0.029604691922525146,1.095480621645755,0.0614789240003938,0.9639346301555634,0.02968357760169042,0.003379338710963818,,,,,,,0.0,0.0,0.0,-0.05809958528942998
bge-reranker,dbpedia-entity,0.15928595726187778,0.35504276868773665,0.20248970028836547,2.9622343874480865,0.10694710886464144,0.15690024636098454,0.17577662217339005,-0.052338848397236334,0.3345865241683539,-0.6367825352404972,0.027774460245336845,0.061100836611052534,0.16443079633302676,-0.13151149701654094,0.022058006497337343,0.7442810535430908,0.16433140517058312,-0.13722795076454042
electra-base,trec-covid,0.28495047029034926,0.6749163866043091,0.2898291430580768,4.770323497177745,0.08449390806660692,0.28265371347995516,0.2074670203785914,-0.20045656222374234,0.20961661889822047,0.00011720469419250522,0.08449831480638342,0.282677376523931,0.20746765659489283,-0.20045215548396583,0.025256465293115492,0.4454735815525055,0.19833943147201294,-0.2596940049972338
electra-base,nfcorpus,0.8459620491690726,0.9912570528686047,0.8179065273837295,19.999993323785407,0.5612917435954946,0.617516964673996,0.3176638362360144,-0.284670305573578,,,,,,,0.0,0.0,0.0,-0.8459620491690726
electra-base,fiqa,0.38690496019270043,0.980767197906971,0.3251875949003503,19.999993586232193,0.49329813006062984,0.6200728416442871,0.24559204745328284,0.1063931698679294,,,,,,,0.0,0.0,0.0,-0.38690496019270043
electra-base,scifact,0.204812323474544,0.9909789059311152,0.16167967109481307,5.377145892220841,0.40354662423565885,0.8737853169441223,0.18541118924447378,0.19873430076111484,,,,,,,0.0,0.0,0.0,-0.204812323474544
electra-base,arguana,0.13070366871302613,0.967714361846447,0.0841017749545428,1.3124367443001308,0.16051019668171473,0.9626094177365303,0.08271947717210451,0.0298065279686886,,,,,,,0.0,0.0,0.0,-0.13070366871302613
electra-base,scidocs,0.5120497445818435,0.8904747952307973,0.4747301434526043,19.999995547368858,0.46598822637770865,0.4808897498218415,0.26347844136249227,-0.046061518204134844,0.24245017872543864,3.739877471303263,0.01935928112490199,0.06186687535253066,0.045266964914578926,-0.4926904634569415,0.008260100172767465,0.7573255300521851,0.04572795784936769,-0.503789644409076
electra-base,webis-touche2020,0.2830240334026844,0.8296452760696411,0.2808754127999198,6.095302117099755,0.24919549577266165,0.4907873404026032,0.21800495056463912,-0.03382853763002275,0.20034372875558712,1.4454660196541014,0.06829926577753988,0.236082116762797,0.15045673761074924,-0.21472476762514453,0.05172092864676469,0.752031609416008,0.14667271476168245,-0.2313031047559197
electra-base,quora,0.4947756580361318,0.9787403177469969,0.3704416324267632,19.9999949109852,0.5023947944850056,0.6148379445075989,0.2537753882070339,0.007619136448873742,,,,,,,0.0,0.0,0.0,-0.4947756580361318
electra-base,dbpedia-entity,0.3298542455384036,0.5230886630934846,0.3480047020770652,6.840410896772551,0.16383115670385506,0.22952748366764614,0.23676916457232566,-0.16602308883454853,0.19065156876694808,-0.7382776142774455,0.03498933069769839,0.12048593195082863,0.2099538738293521,-0.2948649148407052,0.021232580819636405,0.40029390652974445,0.20896604890915643,-0.3086216647187672
