model,dataset,method,tau,precision,coverage,n_accepted,n_test,gap,prevalence
minilm-l6,dbpedia-entity,raw,0.5,0.49602488765986863,0.6301459377042039,2893,4591,0.00397511234013137,0.34698322805489
minilm-l6,dbpedia-entity,raw,0.6,0.5104920405209841,0.6020474842082335,2764,4591,0.08950795947901591,0.34698322805489
minilm-l6,dbpedia-entity,raw,0.7,0.5258358662613982,0.5732955783053801,2632,4591,0.17416413373860173,0.34698322805489
minilm-l6,dbpedia-entity,raw,0.8,0.5417341977309562,0.5375735133957743,2468,4591,0.25826580226904383,0.34698322805489
minilm-l6,dbpedia-entity,raw,0.9,0.5731818181818182,0.4791984317142235,2200,4591,0.3268181818181818,0.34698322805489
minilm-l6,dbpedia-entity,temp,0.5,0.49602488765986863,0.6301459377042039,2893,4591,0.00397511234013137,0.34698322805489
minilm-l6,dbpedia-entity,temp,0.6,0.5824742268041238,0.46482247876279675,2134,4591,0.017525773195876226,0.34698322805489
minilm-l6,dbpedia-entity,temp,0.7,0.7082683307332294,0.2792419952080157,1282,4591,-0.008268330733229412,0.34698322805489
minilm-l6,dbpedia-entity,temp,0.8,0.8942857142857142,0.07623611413635374,350,4591,-0.0942857142857142,0.34698322805489
minilm-l6,dbpedia-entity,temp,0.9,,0.0,0,4591,,0.34698322805489
minilm-l6,dbpedia-entity,platt,0.5,0.6852756454989533,0.3121324330211283,1433,4591,-0.18527564549895326,0.34698322805489
minilm-l6,dbpedia-entity,platt,0.6,0.7514792899408284,0.22086691352646481,1014,4591,-0.15147928994082838,0.34698322805489
minilm-l6,dbpedia-entity,platt,0.7,0.8235294117647058,0.13330429100413854,612,4591,-0.12352941176470589,0.34698322805489
minilm-l6,dbpedia-entity,platt,0.8,0.9243027888446215,0.05467218470921368,251,4591,-0.12430278884462143,0.34698322805489
minilm-l6,dbpedia-entity,platt,0.9,,0.0015247222827270747,7,4591,,0.34698322805489
minilm-l6,dbpedia-entity,iso,0.5,0.6788866259334692,0.32084513177956875,1473,4591,-0.17888662593346916,0.34698322805489
minilm-l6,dbpedia-entity,iso,0.6,0.7412082957619477,0.24155957307776083,1109,4591,-0.1412082957619477,0.34698322805489
minilm-l6,dbpedia-entity,iso,0.7,0.8520833333333333,0.10455238510128512,480,4591,-0.15208333333333335,0.34698322805489
minilm-l6,dbpedia-entity,iso,0.8,0.8982035928143712,0.07275103463297757,334,4591,-0.09820359281437119,0.34698322805489
minilm-l6,dbpedia-entity,iso,0.9,0.9642857142857143,0.012197778261816597,56,4591,-0.06428571428571428,0.34698322805489
minilm-l6,dbpedia-entity,temp_lodo,0.5,0.49602488765986863,0.6301459377042039,2893,4591,0.00397511234013137,0.34698322805489
minilm-l6,dbpedia-entity,temp_lodo,0.6,0.5949554896142433,0.4404269222391636,2022,4591,0.005044510385756706,0.34698322805489
minilm-l6,dbpedia-entity,temp_lodo,0.7,0.7495107632093934,0.2226094532781529,1022,4591,-0.049510763209393405,0.34698322805489
minilm-l6,dbpedia-entity,temp_lodo,0.8,0.9705882352941176,0.029623175778697452,136,4591,-0.1705882352941176,0.34698322805489
minilm-l6,dbpedia-entity,temp_lodo,0.9,,0.0,0,4591,,0.34698322805489
minilm-l6,trec-covid,raw,0.5,0.7044797687861272,0.7963176064441887,1384,1738,-0.20447976878612717,0.6242807825086306
minilm-l6,trec-covid,raw,0.6,0.7089167280766396,0.7807825086306099,1357,1738,-0.10891672807663966,0.6242807825086306
minilm-l6,trec-covid,raw,0.7,0.715261958997722,0.7577675489067894,1317,1738,-0.015261958997722092,0.6242807825086306
minilm-l6,trec-covid,raw,0.8,0.7265500794912559,0.7238204833141542,1258,1738,0.0734499205087441,0.6242807825086306
minilm-l6,trec-covid,raw,0.9,0.7493495229835212,0.6634062140391255,1153,1738,0.15065047701647882,0.6242807825086306
minilm-l6,trec-covid,temp,0.5,0.7044797687861272,0.7963176064441887,1384,1738,-0.20447976878612717,0.6242807825086306
minilm-l6,trec-covid,temp,0.6,0.7369727047146402,0.6956271576524741,1209,1738,-0.13697270471464018,0.6242807825086306
minilm-l6,trec-covid,temp,0.7,0.7952218430034129,0.5057537399309551,879,1738,-0.09522184300341296,0.6242807825086306
minilm-l6,trec-covid,temp,0.8,0.851985559566787,0.15937859608745686,277,1738,-0.051985559566786965,0.6242807825086306
minilm-l6,trec-covid,temp,0.9,,0.0017261219792865361,3,1738,,0.6242807825086306
minilm-l6,trec-covid,platt,0.5,0.706997084548105,0.7894131185270425,1372,1738,-0.20699708454810495,0.6242807825086306
minilm-l6,trec-covid,platt,0.6,0.7399328859060402,0.6858457997698504,1192,1738,-0.13993288590604025,0.6242807825086306
minilm-l6,trec-covid,platt,0.7,0.7955865272938444,0.4953970080552359,861,1738,-0.09558652729384443,0.6242807825086306
minilm-l6,trec-covid,platt,0.8,0.8533834586466166,0.15304948216340622,266,1738,-0.05338345864661653,0.6242807825086306
minilm-l6,trec-covid,platt,0.9,,0.0017261219792865361,3,1738,,0.6242807825086306
minilm-l6,trec-covid,iso,0.5,0.7124719940253921,0.7704257767548907,1339,1738,-0.21247199402539207,0.6242807825086306
minilm-l6,trec-covid,iso,0.6,0.7864806866952789,0.5362485615650172,932,1738,-0.18648068669527895,0.6242807825086306
minilm-l6,trec-covid,iso,0.7,0.825,0.3912543153049482,680,1738,-0.125,0.6242807825086306
minilm-l6,trec-covid,iso,0.8,0.8621700879765396,0.1962025316455696,341,1738,-0.062170087976539556,0.6242807825086306
minilm-l6,trec-covid,iso,0.9,0.8776978417266187,0.07997698504027619,139,1738,0.022302158273381334,0.6242807825086306
minilm-l6,trec-covid,temp_lodo,0.5,0.7044797687861272,0.7963176064441887,1384,1738,-0.20447976878612717,0.6242807825086306
minilm-l6,trec-covid,temp_lodo,0.6,0.7702325581395348,0.6185270425776754,1075,1738,-0.17023255813953486,0.6242807825086306
minilm-l6,trec-covid,temp_lodo,0.7,0.8523676880222841,0.20655926352128884,359,1738,-0.15236768802228418,0.6242807825086306
minilm-l6,trec-covid,temp_lodo,0.8,,0.0023014959723820483,4,1738,,0.6242807825086306
minilm-l6,trec-covid,temp_lodo,0.9,,0.0,0,1738,,0.6242807825086306
minilm-l6,trec-dl-2019,raw,0.5,0.4728624535315985,0.5832610581092801,1345,2306,0.027137546468401497,0.34952298352124894
minilm-l6,trec-dl-2019,raw,0.6,0.48976377952755906,0.5507372072853426,1270,2306,0.11023622047244092,0.34952298352124894
minilm-l6,trec-dl-2019,raw,0.7,0.507563025210084,0.5160450997398092,1190,2306,0.19243697478991595,0.34952298352124894
minilm-l6,trec-dl-2019,raw,0.8,0.5171480144404332,0.48048568950563747,1108,2306,0.2828519855595668,0.34952298352124894
minilm-l6,trec-dl-2019,raw,0.9,0.5382231404958677,0.419774501300954,968,2306,0.3617768595041323,0.34952298352124894
minilm-l6,trec-dl-2019,temp,0.5,0.4728624535315985,0.5832610581092801,1345,2306,0.027137546468401497,0.34952298352124894
minilm-l6,trec-dl-2019,temp,0.6,0.5536912751677853,0.3876843018213356,894,2306,0.04630872483221471,0.34952298352124894
minilm-l6,trec-dl-2019,temp,0.7,0.6956521739130435,0.20945359930615784,483,2306,0.004347826086956497,0.34952298352124894
minilm-l6,trec-dl-2019,temp,0.8,0.7536231884057971,0.02992194275802255,69,2306,0.04637681159420293,0.34952298352124894
minilm-l6,trec-dl-2019,temp,0.9,,0.0,0,2306,,0.34952298352124894
minilm-l6,trec-dl-2019,platt,0.5,0.6492411467116358,0.25715524718126626,593,2306,-0.1492411467116358,0.34952298352124894
minilm-l6,trec-dl-2019,platt,0.6,0.7338709677419355,0.16131830008673026,372,2306,-0.13387096774193552,0.34952298352124894
minilm-l6,trec-dl-2019,platt,0.7,0.7762237762237763,0.062012142237640934,143,2306,-0.0762237762237763,0.34952298352124894
minilm-l6,trec-dl-2019,platt,0.8,,0.0008673026886383347,2,2306,,0.34952298352124894
minilm-l6,trec-dl-2019,platt,0.9,,0.0,0,2306,,0.34952298352124894
minilm-l6,trec-dl-2019,iso,0.5,0.6524701873935264,0.2545533391153513,587,2306,-0.15247018739352636,0.34952298352124894
minilm-l6,trec-dl-2019,iso,0.6,0.7352941176470589,0.16218560277536861,374,2306,-0.1352941176470589,0.34952298352124894
minilm-l6,trec-dl-2019,iso,0.7,0.7528735632183908,0.15091066782307025,348,2306,-0.05287356321839087,0.34952298352124894
minilm-l6,trec-dl-2019,iso,0.8,0.7909090909090909,0.09540329575021683,220,2306,0.00909090909090915,0.34952298352124894
minilm-l6,trec-dl-2019,iso,0.9,,0.0,0,2306,,0.34952298352124894
minilm-l6,trec-dl-2019,temp_lodo,0.5,0.4728624535315985,0.5832610581092801,1345,2306,0.027137546468401497,0.34952298352124894
minilm-l6,trec-dl-2019,temp_lodo,0.6,0.5518763796909493,0.39288811795316564,906,2306,0.04812362030905071,0.34952298352124894
minilm-l6,trec-dl-2019,temp_lodo,0.7,0.6771653543307087,0.22029488291413704,508,2306,0.022834645669291276,0.34952298352124894
minilm-l6,trec-dl-2019,temp_lodo,0.8,0.7578947368421053,0.0411968777103209,95,2306,0.04210526315789476,0.34952298352124894
minilm-l6,trec-dl-2019,temp_lodo,0.9,,0.0,0,2306,,0.34952298352124894
minilm-l6,trec-dl-2020,raw,0.5,0.27492260061919505,0.5680619064368625,1615,2843,0.22507739938080495,0.16848399577910658
minilm-l6,trec-dl-2020,raw,0.6,0.28286082474226804,0.5459022159690468,1552,2843,0.31713917525773194,0.16848399577910658
minilm-l6,trec-dl-2020,raw,0.7,0.2956403269754768,0.5163559620119592,1468,2843,0.40435967302452314,0.16848399577910658
minilm-l6,trec-dl-2020,raw,0.8,0.3101173020527859,0.47977488568413645,1364,2843,0.4898826979472141,0.16848399577910658
minilm-l6,trec-dl-2020,raw,0.9,0.3333333333333333,0.42842068237777,1218,2843,0.5666666666666667,0.16848399577910658
minilm-l6,trec-dl-2020,temp,0.5,0.27492260061919505,0.5680619064368625,1615,2843,0.22507739938080495,0.16848399577910658
minilm-l6,trec-dl-2020,temp,0.6,0.39443155452436196,0.3032008441786845,862,2843,0.20556844547563802,0.16848399577910658
minilm-l6,trec-dl-2020,temp,0.7,0.6091370558375635,0.06929300035174112,197,2843,0.09086294416243645,0.16848399577910658
minilm-l6,trec-dl-2020,temp,0.8,,0.0,0,2843,,0.16848399577910658
minilm-l6,trec-dl-2020,temp,0.9,,0.0,0,2843,,0.16848399577910658
minilm-l6,trec-dl-2020,platt,0.5,0.5725490196078431,0.08969398522687302,255,2843,-0.0725490196078431,0.16848399577910658
minilm-l6,trec-dl-2020,platt,0.6,0.6055045871559633,0.03833978192050651,109,2843,-0.005504587155963359,0.16848399577910658
minilm-l6,trec-dl-2020,platt,0.7,,0.006683081252198382,19,2843,,0.16848399577910658
minilm-l6,trec-dl-2020,platt,0.8,,0.0,0,2843,,0.16848399577910658
minilm-l6,trec-dl-2020,platt,0.9,,0.0,0,2843,,0.16848399577910658
minilm-l6,trec-dl-2020,iso,0.5,0.544891640866873,0.1136123812873725,323,2843,-0.04489164086687303,0.16848399577910658
minilm-l6,trec-dl-2020,iso,0.6,0.6382978723404256,0.016531832571227575,47,2843,-0.03829787234042559,0.16848399577910658
minilm-l6,trec-dl-2020,iso,0.7,0.6304347826086957,0.01618009145269082,46,2843,0.06956521739130428,0.16848399577910658
minilm-l6,trec-dl-2020,iso,0.8,,0.007034822370735139,20,2843,,0.16848399577910658
minilm-l6,trec-dl-2020,iso,0.9,,0.006331340133661625,18,2843,,0.16848399577910658
minilm-l6,trec-dl-2020,temp_lodo,0.5,0.27492260061919505,0.5680619064368625,1615,2843,0.22507739938080495,0.16848399577910658
minilm-l6,trec-dl-2020,temp_lodo,0.6,0.33666666666666667,0.4220893422441083,1200,2843,0.2633333333333333,0.16848399577910658
minilm-l6,trec-dl-2020,temp_lodo,0.7,0.43175487465181056,0.2525501231093915,718,2843,0.2682451253481894,0.16848399577910658
minilm-l6,trec-dl-2020,temp_lodo,0.8,0.5805084745762712,0.08301090397467464,236,2843,0.21949152542372885,0.16848399577910658
minilm-l6,trec-dl-2020,temp_lodo,0.9,,0.0,0,2843,,0.16848399577910658
minilm-l6,webis-touche2020,raw,0.5,0.8504273504273504,0.7358490566037735,234,318,-0.3504273504273504,0.779874213836478
minilm-l6,webis-touche2020,raw,0.6,0.8471615720524017,0.720125786163522,229,318,-0.24716157205240175,0.779874213836478
minilm-l6,webis-touche2020,raw,0.7,0.8486238532110092,0.6855345911949685,218,318,-0.14862385321100924,0.779874213836478
minilm-l6,webis-touche2020,raw,0.8,0.8461538461538461,0.6540880503144654,208,318,-0.0461538461538461,0.779874213836478
minilm-l6,webis-touche2020,raw,0.9,0.8385416666666666,0.6037735849056604,192,318,0.06145833333333339,0.779874213836478
minilm-l6,webis-touche2020,temp,0.5,0.8504273504273504,0.7358490566037735,234,318,-0.3504273504273504,0.779874213836478
minilm-l6,webis-touche2020,temp,0.6,0.8426395939086294,0.6194968553459119,197,318,-0.24263959390862944,0.779874213836478
minilm-l6,webis-touche2020,temp,0.7,0.821656050955414,0.4937106918238994,157,318,-0.1216560509554141,0.779874213836478
minilm-l6,webis-touche2020,temp,0.8,0.7341772151898734,0.24842767295597484,79,318,0.0658227848101266,0.779874213836478
minilm-l6,webis-touche2020,temp,0.9,,0.006289308176100629,2,318,,0.779874213836478
minilm-l6,webis-touche2020,platt,0.5,0.7947882736156352,0.9654088050314465,307,318,-0.2947882736156352,0.779874213836478
minilm-l6,webis-touche2020,platt,0.6,0.8076923076923077,0.89937106918239,286,318,-0.20769230769230773,0.779874213836478
minilm-l6,webis-touche2020,platt,0.7,0.8404669260700389,0.8081761006289309,257,318,-0.14046692607003897,0.779874213836478
minilm-l6,webis-touche2020,platt,0.8,0.839572192513369,0.5880503144654088,187,318,-0.039572192513368964,0.779874213836478
minilm-l6,webis-touche2020,platt,0.9,0.5675675675675675,0.11635220125786164,37,318,0.3324324324324325,0.779874213836478
minilm-l6,webis-touche2020,iso,0.5,0.8062283737024222,0.9088050314465409,289,318,-0.3062283737024222,0.779874213836478
minilm-l6,webis-touche2020,iso,0.6,0.8371212121212122,0.8301886792452831,264,318,-0.23712121212121218,0.779874213836478
minilm-l6,webis-touche2020,iso,0.7,0.8371212121212122,0.8301886792452831,264,318,-0.1371212121212122,0.779874213836478
minilm-l6,webis-touche2020,iso,0.8,0.8365019011406845,0.8270440251572327,263,318,-0.03650190114068441,0.779874213836478
minilm-l6,webis-touche2020,iso,0.9,,0.0,0,318,,0.779874213836478
minilm-l6,webis-touche2020,temp_lodo,0.5,0.8504273504273504,0.7358490566037735,234,318,-0.3504273504273504,0.779874213836478
minilm-l6,webis-touche2020,temp_lodo,0.6,0.839572192513369,0.5880503144654088,187,318,-0.23957219251336903,0.779874213836478
minilm-l6,webis-touche2020,temp_lodo,0.7,0.7966101694915254,0.3710691823899371,118,318,-0.09661016949152545,0.779874213836478
minilm-l6,webis-touche2020,temp_lodo,0.8,,0.09119496855345911,29,318,,0.779874213836478
minilm-l6,webis-touche2020,temp_lodo,0.9,,0.0,0,318,,0.779874213836478
minilm-l12,dbpedia-entity,raw,0.5,0.4882234185733513,0.6473535177521237,2972,4591,0.011776581426648725,0.34698322805489
minilm-l12,dbpedia-entity,raw,0.6,0.5005261311820414,0.6209976040078414,2851,4591,0.09947386881795861,0.34698322805489
minilm-l12,dbpedia-entity,raw,0.7,0.5093235831809872,0.5957307776083642,2735,4591,0.1906764168190127,0.34698322805489
minilm-l12,dbpedia-entity,raw,0.8,0.5257851880573866,0.5617512524504465,2579,4591,0.27421481194261343,0.34698322805489
minilm-l12,dbpedia-entity,raw,0.9,0.5565142364106989,0.5049008930516228,2318,4591,0.34348576358930116,0.34698322805489
minilm-l12,dbpedia-entity,temp,0.5,0.4882234185733513,0.6473535177521237,2972,4591,0.011776581426648725,0.34698322805489
minilm-l12,dbpedia-entity,temp,0.6,0.5734553775743707,0.4759311696798083,2185,4591,0.026544622425629272,0.34698322805489
minilm-l12,dbpedia-entity,temp,0.7,0.7074198988195616,0.2583315181877587,1186,4591,-0.007419898819561621,0.34698322805489
minilm-l12,dbpedia-entity,temp,0.8,0.9523809523809523,0.03201916793726857,147,4591,-0.15238095238095228,0.34698322805489
minilm-l12,dbpedia-entity,temp,0.9,,0.0,0,4591,,0.34698322805489
minilm-l12,dbpedia-entity,platt,0.5,0.6738983050847458,0.32128076671749073,1475,4591,-0.1738983050847458,0.34698322805489
minilm-l12,dbpedia-entity,platt,0.6,0.7403751233958539,0.22064909605750382,1013,4591,-0.1403751233958539,0.34698322805489
minilm-l12,dbpedia-entity,platt,0.7,0.8201680672268907,0.12960139403180135,595,4591,-0.12016806722689077,0.34698322805489
minilm-l12,dbpedia-entity,platt,0.8,0.9431818181818182,0.03833587453713788,176,4591,-0.1431818181818182,0.34698322805489
minilm-l12,dbpedia-entity,platt,0.9,,0.0,0,4591,,0.34698322805489
minilm-l12,dbpedia-entity,iso,0.5,0.7021445591739476,0.27423219342191246,1259,4591,-0.20214455917394758,0.34698322805489
minilm-l12,dbpedia-entity,iso,0.6,0.7670915411355735,0.18797647571335221,863,4591,-0.16709154113557356,0.34698322805489
minilm-l12,dbpedia-entity,iso,0.7,0.8329938900203666,0.10694837725985624,491,4591,-0.13299389002036666,0.34698322805489
minilm-l12,dbpedia-entity,iso,0.8,0.9282296650717703,0.04552385101285123,209,4591,-0.12822966507177025,0.34698322805489
minilm-l12,dbpedia-entity,iso,0.9,0.9473684210526315,0.020692659551296014,95,4591,-0.047368421052631504,0.34698322805489
minilm-l12,dbpedia-entity,temp_lodo,0.5,0.4882234185733513,0.6473535177521237,2972,4591,0.011776581426648725,0.34698322805489
minilm-l12,dbpedia-entity,temp_lodo,0.6,0.5887984681665869,0.4550206926595513,2089,4591,0.011201531833413103,0.34698322805489
minilm-l12,dbpedia-entity,temp_lodo,0.7,0.7487019730010385,0.2097582226094533,963,4591,-0.04870197300103851,0.34698322805489
minilm-l12,dbpedia-entity,temp_lodo,0.8,1.0,0.007623611413635374,35,4591,-0.19999999999999996,0.34698322805489
minilm-l12,dbpedia-entity,temp_lodo,0.9,,0.0,0,4591,,0.34698322805489
minilm-l12,trec-covid,raw,0.5,0.6943111720356409,0.8394706559263522,1459,1738,-0.19431117203564086,0.6242807825086306
minilm-l12,trec-covid,raw,0.6,0.6988795518207283,0.8216340621403913,1428,1738,-0.09887955182072827,0.6242807825086306
minilm-l12,trec-covid,raw,0.7,0.7045291157440691,0.8003452243958573,1391,1738,-0.004529115744069112,0.6242807825086306
minilm-l12,trec-covid,raw,0.8,0.7097722263041881,0.783084004602992,1361,1738,0.09022777369581192,0.6242807825086306
minilm-l12,trec-covid,raw,0.9,0.7261247040252565,0.7289988492520139,1267,1738,0.1738752959747435,0.6242807825086306
minilm-l12,trec-covid,temp,0.5,0.6943111720356409,0.8394706559263522,1459,1738,-0.19431117203564086,0.6242807825086306
minilm-l12,trec-covid,temp,0.6,0.7238169123351436,0.7416570771001151,1289,1738,-0.12381691233514358,0.6242807825086306
minilm-l12,trec-covid,temp,0.7,0.7823886639676113,0.5684695051783659,988,1738,-0.08238866396761135,0.6242807825086306
minilm-l12,trec-covid,temp,0.8,0.8621794871794872,0.17951668584579977,312,1738,-0.06217948717948718,0.6242807825086306
minilm-l12,trec-covid,temp,0.9,,0.0,0,1738,,0.6242807825086306
minilm-l12,trec-covid,platt,0.5,0.7078488372093024,0.7917146144994246,1376,1738,-0.20784883720930236,0.6242807825086306
minilm-l12,trec-covid,platt,0.6,0.7459915611814346,0.6818181818181818,1185,1738,-0.14599156118143464,0.6242807825086306
minilm-l12,trec-covid,platt,0.7,0.7897142857142857,0.503452243958573,875,1738,-0.08971428571428575,0.6242807825086306
minilm-l12,trec-covid,platt,0.8,0.8596491228070176,0.16398158803222093,285,1738,-0.05964912280701751,0.6242807825086306
minilm-l12,trec-covid,platt,0.9,,0.0017261219792865361,3,1738,,0.6242807825086306
minilm-l12,trec-covid,iso,0.5,0.7166416791604198,0.7675489067894131,1334,1738,-0.21664167916041976,0.6242807825086306
minilm-l12,trec-covid,iso,0.6,0.7788649706457925,0.5880322209436134,1022,1738,-0.17886497064579254,0.6242807825086306
minilm-l12,trec-covid,iso,0.7,0.7897142857142857,0.503452243958573,875,1738,-0.08971428571428575,0.6242807825086306
minilm-l12,trec-covid,iso,0.8,0.8503937007874016,0.21921749136939012,381,1738,-0.050393700787401574,0.6242807825086306
minilm-l12,trec-covid,iso,0.9,0.911504424778761,0.06501726121979287,113,1738,-0.011504424778761013,0.6242807825086306
minilm-l12,trec-covid,temp_lodo,0.5,0.6943111720356409,0.8394706559263522,1459,1738,-0.19431117203564086,0.6242807825086306
minilm-l12,trec-covid,temp_lodo,0.6,0.7563098346388164,0.6611047180667434,1149,1738,-0.15630983463881643,0.6242807825086306
minilm-l12,trec-covid,temp_lodo,0.7,0.856,0.21576524741081704,375,1738,-0.15600000000000003,0.6242807825086306
minilm-l12,trec-covid,temp_lodo,0.8,,0.0,0,1738,,0.6242807825086306
minilm-l12,trec-covid,temp_lodo,0.9,,0.0,0,1738,,0.6242807825086306
minilm-l12,trec-dl-2019,raw,0.5,0.46279234585400425,0.6118820468343452,1411,2306,0.03720765414599575,0.34952298352124894
minilm-l12,trec-dl-2019,raw,0.6,0.475482912332838,0.5836947094535994,1346,2306,0.12451708766716196,0.34952298352124894
minilm-l12,trec-dl-2019,raw,0.7,0.48829953198127923,0.5559410234171726,1282,2306,0.21170046801872072,0.34952298352124894
minilm-l12,trec-dl-2019,raw,0.8,0.5041736227045075,0.5195143104943626,1198,2306,0.29582637729549255,0.34952298352124894
minilm-l12,trec-dl-2019,raw,0.9,0.524170616113744,0.4575021682567216,1055,2306,0.375829383886256,0.34952298352124894
minilm-l12,trec-dl-2019,temp,0.5,0.46279234585400425,0.6118820468343452,1411,2306,0.03720765414599575,0.34952298352124894
minilm-l12,trec-dl-2019,temp,0.6,0.544973544973545,0.4098005203816132,945,2306,0.05502645502645498,0.34952298352124894
minilm-l12,trec-dl-2019,temp,0.7,0.71875,0.194275802254987,448,2306,-0.018750000000000044,0.34952298352124894
minilm-l12,trec-dl-2019,temp,0.8,,0.010841283607979185,25,2306,,0.34952298352124894
minilm-l12,trec-dl-2019,temp,0.9,,0.0,0,2306,,0.34952298352124894
minilm-l12,trec-dl-2019,platt,0.5,0.64,0.2710320901994796,625,2306,-0.14,0.34952298352124894
minilm-l12,trec-dl-2019,platt,0.6,0.7559681697612732,0.1634865568083261,377,2306,-0.15596816976127326,0.34952298352124894
minilm-l12,trec-dl-2019,platt,0.7,0.7923076923076923,0.05637467476149176,130,2306,-0.09230769230769231,0.34952298352124894
minilm-l12,trec-dl-2019,platt,0.8,,0.0004336513443191674,1,2306,,0.34952298352124894
minilm-l12,trec-dl-2019,platt,0.9,,0.0,0,2306,,0.34952298352124894
minilm-l12,trec-dl-2019,iso,0.5,0.6672694394213382,0.23980919340849957,553,2306,-0.1672694394213382,0.34952298352124894
minilm-l12,trec-dl-2019,iso,0.6,0.743142144638404,0.17389418907198612,401,2306,-0.14314214463840402,0.34952298352124894
minilm-l12,trec-dl-2019,iso,0.7,0.7841726618705036,0.12055507372072853,278,2306,-0.08417266187050365,0.34952298352124894
minilm-l12,trec-dl-2019,iso,0.8,0.782608695652174,0.1196877710320902,276,2306,0.017391304347826098,0.34952298352124894
minilm-l12,trec-dl-2019,iso,0.9,,0.0004336513443191674,1,2306,,0.34952298352124894
minilm-l12,trec-dl-2019,temp_lodo,0.5,0.46279234585400425,0.6118820468343452,1411,2306,0.03720765414599575,0.34952298352124894
minilm-l12,trec-dl-2019,temp_lodo,0.6,0.5421436004162331,0.41673894189071986,961,2306,0.05785639958376687,0.34952298352124894
minilm-l12,trec-dl-2019,temp_lodo,0.7,0.7019027484143763,0.20511708586296618,473,2306,-0.0019027484143763207,0.34952298352124894
minilm-l12,trec-dl-2019,temp_lodo,0.8,0.7222222222222222,0.015611448395490026,36,2306,0.07777777777777783,0.34952298352124894
minilm-l12,trec-dl-2019,temp_lodo,0.9,,0.0,0,2306,,0.34952298352124894
minilm-l12,trec-dl-2020,raw,0.5,0.26804733727810653,0.5944424903271193,1690,2843,0.23195266272189347,0.16848399577910658
minilm-l12,trec-dl-2020,raw,0.6,0.2790841584158416,0.5684136475553992,1616,2843,0.32091584158415837,0.16848399577910658
minilm-l12,trec-dl-2020,raw,0.7,0.28414948453608246,0.5459022159690468,1552,2843,0.4158505154639175,0.16848399577910658
minilm-l12,trec-dl-2020,raw,0.8,0.29637234770704995,0.513893774182202,1461,2843,0.5036276522929501,0.16848399577910658
minilm-l12,trec-dl-2020,raw,0.9,0.31298299845440497,0.4551530073865635,1294,2843,0.5870170015455951,0.16848399577910658
minilm-l12,trec-dl-2020,temp,0.5,0.26804733727810653,0.5944424903271193,1690,2843,0.23195266272189347,0.16848399577910658
minilm-l12,trec-dl-2020,temp,0.6,0.4137055837563452,0.27717200140696446,788,2843,0.18629441624365478,0.16848399577910658
minilm-l12,trec-dl-2020,temp,0.7,,0.009145269081955681,26,2843,,0.16848399577910658
minilm-l12,trec-dl-2020,temp,0.8,,0.0,0,2843,,0.16848399577910658
minilm-l12,trec-dl-2020,temp,0.9,,0.0,0,2843,,0.16848399577910658
minilm-l12,trec-dl-2020,platt,0.5,0.5630252100840336,0.08371438621174815,238,2843,-0.06302521008403361,0.16848399577910658
minilm-l12,trec-dl-2020,platt,0.6,0.6265060240963856,0.02919451283855083,83,2843,-0.026506024096385583,0.16848399577910658
minilm-l12,trec-dl-2020,platt,0.7,,0.0035174111853675696,10,2843,,0.16848399577910658
minilm-l12,trec-dl-2020,platt,0.8,,0.0,0,2843,,0.16848399577910658
minilm-l12,trec-dl-2020,platt,0.9,,0.0,0,2843,,0.16848399577910658
minilm-l12,trec-dl-2020,iso,0.5,0.5087719298245614,0.14034470629616602,399,2843,-0.00877192982456143,0.16848399577910658
minilm-l12,trec-dl-2020,iso,0.6,0.6530612244897959,0.01723531480830109,49,2843,-0.05306122448979589,0.16848399577910658
minilm-l12,trec-dl-2020,iso,0.7,0.6923076923076923,0.01371790362293352,39,2843,0.007692307692307665,0.16848399577910658
minilm-l12,trec-dl-2020,iso,0.8,,0.00809004572634541,23,2843,,0.16848399577910658
minilm-l12,trec-dl-2020,iso,0.9,,0.006683081252198382,19,2843,,0.16848399577910658
minilm-l12,trec-dl-2020,temp_lodo,0.5,0.26804733727810653,0.5944424903271193,1690,2843,0.23195266272189347,0.16848399577910658
minilm-l12,trec-dl-2020,temp_lodo,0.6,0.3233387358184765,0.4340485402743581,1234,2843,0.2766612641815235,0.16848399577910658
minilm-l12,trec-dl-2020,temp_lodo,0.7,0.4318181818181818,0.2476257474498769,704,2843,0.26818181818181813,0.16848399577910658
minilm-l12,trec-dl-2020,temp_lodo,0.8,0.6,0.05276116778051354,150,2843,0.20000000000000007,0.16848399577910658
minilm-l12,trec-dl-2020,temp_lodo,0.9,,0.0,0,2843,,0.16848399577910658
minilm-l12,webis-touche2020,raw,0.5,0.8458646616541353,0.8364779874213837,266,318,-0.3458646616541353,0.779874213836478
minilm-l12,webis-touche2020,raw,0.6,0.8488372093023255,0.8113207547169812,258,318,-0.24883720930232556,0.779874213836478
minilm-l12,webis-touche2020,raw,0.7,0.8470588235294118,0.8018867924528302,255,318,-0.1470588235294118,0.779874213836478
minilm-l12,webis-touche2020,raw,0.8,0.8583333333333333,0.7547169811320755,240,318,-0.05833333333333324,0.779874213836478
minilm-l12,webis-touche2020,raw,0.9,0.8596491228070176,0.7169811320754716,228,318,0.04035087719298247,0.779874213836478
minilm-l12,webis-touche2020,temp,0.5,0.8458646616541353,0.8364779874213837,266,318,-0.3458646616541353,0.779874213836478
minilm-l12,webis-touche2020,temp,0.6,0.8553191489361702,0.7389937106918238,235,318,-0.25531914893617025,0.779874213836478
minilm-l12,webis-touche2020,temp,0.7,0.8543689320388349,0.6477987421383647,206,318,-0.15436893203883495,0.779874213836478
minilm-l12,webis-touche2020,temp,0.8,0.831081081081081,0.46540880503144655,148,318,-0.031081081081080986,0.779874213836478
minilm-l12,webis-touche2020,temp,0.9,0.5789473684210527,0.11949685534591195,38,318,0.32105263157894737,0.779874213836478
minilm-l12,webis-touche2020,platt,0.5,0.7947019867549668,0.949685534591195,302,318,-0.29470198675496684,0.779874213836478
minilm-l12,webis-touche2020,platt,0.6,0.8297872340425532,0.8867924528301887,282,318,-0.2297872340425532,0.779874213836478
minilm-l12,webis-touche2020,platt,0.7,0.84765625,0.8050314465408805,256,318,-0.14765625000000004,0.779874213836478
minilm-l12,webis-touche2020,platt,0.8,0.8469387755102041,0.6163522012578616,196,318,-0.04693877551020409,0.779874213836478
minilm-l12,webis-touche2020,platt,0.9,0.6458333333333334,0.1509433962264151,48,318,0.25416666666666665,0.779874213836478
minilm-l12,webis-touche2020,iso,0.5,0.8327402135231317,0.8836477987421384,281,318,-0.33274021352313166,0.779874213836478
minilm-l12,webis-touche2020,iso,0.6,0.8315412186379928,0.8773584905660378,279,318,-0.23154121863799282,0.779874213836478
minilm-l12,webis-touche2020,iso,0.7,0.8475836431226765,0.8459119496855346,269,318,-0.14758364312267658,0.779874213836478
minilm-l12,webis-touche2020,iso,0.8,0.8553191489361702,0.7389937106918238,235,318,-0.05531914893617018,0.779874213836478
minilm-l12,webis-touche2020,iso,0.9,,0.0,0,318,,0.779874213836478
minilm-l12,webis-touche2020,temp_lodo,0.5,0.8458646616541353,0.8364779874213837,266,318,-0.3458646616541353,0.779874213836478
minilm-l12,webis-touche2020,temp_lodo,0.6,0.8604651162790697,0.6761006289308176,215,318,-0.26046511627906976,0.779874213836478
minilm-l12,webis-touche2020,temp_lodo,0.7,0.816793893129771,0.4119496855345912,131,318,-0.11679389312977106,0.779874213836478
minilm-l12,webis-touche2020,temp_lodo,0.8,,0.03773584905660377,12,318,,0.779874213836478
minilm-l12,webis-touche2020,temp_lodo,0.9,,0.0,0,318,,0.779874213836478
tinybert-l2,dbpedia-entity,raw,0.5,0.5099085365853658,0.571553038553692,2624,4591,-0.009908536585365835,0.34698322805489
tinybert-l2,dbpedia-entity,raw,0.6,0.5191020086648287,0.553038553692006,2539,4591,0.08089799133517128,0.34698322805489
tinybert-l2,dbpedia-entity,raw,0.7,0.5281314168377823,0.530385536920061,2435,4591,0.17186858316221765,0.34698322805489
tinybert-l2,dbpedia-entity,raw,0.8,0.5384285100901675,0.5072968852101939,2329,4591,0.2615714899098326,0.34698322805489
tinybert-l2,dbpedia-entity,raw,0.9,0.5541724296911019,0.47244609017643213,2169,4591,0.3458275703088981,0.34698322805489
tinybert-l2,dbpedia-entity,temp,0.5,0.5099085365853658,0.571553038553692,2624,4591,-0.009908536585365835,0.34698322805489
tinybert-l2,dbpedia-entity,temp,0.6,0.560077519379845,0.44957525593552605,2064,4591,0.03992248062015502,0.34698322805489
tinybert-l2,dbpedia-entity,temp,0.7,0.6343042071197411,0.2692223916358092,1236,4591,0.06569579288025884,0.34698322805489
tinybert-l2,dbpedia-entity,temp,0.8,0.9339622641509434,0.023088651709867132,106,4591,-0.13396226415094337,0.34698322805489
tinybert-l2,dbpedia-entity,temp,0.9,,0.0,0,4591,,0.34698322805489
tinybert-l2,dbpedia-entity,platt,0.5,0.6129467296021578,0.3230233064691788,1483,4591,-0.11294672960215779,0.34698322805489
tinybert-l2,dbpedia-entity,platt,0.6,0.6952054794520548,0.19080810280984534,876,4591,-0.09520547945205482,0.34698322805489
tinybert-l2,dbpedia-entity,platt,0.7,0.8223938223938224,0.05641472446090177,259,4591,-0.12239382239382246,0.34698322805489
tinybert-l2,dbpedia-entity,platt,0.8,,0.00021781746896101068,1,4591,,0.34698322805489
tinybert-l2,dbpedia-entity,platt,0.9,,0.0,0,4591,,0.34698322805489
tinybert-l2,dbpedia-entity,iso,0.5,0.6801275239107333,0.20496623829231103,941,4591,-0.18012752391073328,0.34698322805489
tinybert-l2,dbpedia-entity,iso,0.6,0.751434034416826,0.11391853626660858,523,4591,-0.151434034416826,0.34698322805489
tinybert-l2,dbpedia-entity,iso,0.7,0.770618556701031,0.08451317795687215,388,4591,-0.07061855670103101,0.34698322805489
tinybert-l2,dbpedia-entity,iso,0.8,0.827433628318584,0.04922674798518841,226,4591,-0.02743362831858398,0.34698322805489
tinybert-l2,dbpedia-entity,iso,0.9,0.9418604651162791,0.01873230233064692,86,4591,-0.041860465116279055,0.34698322805489
tinybert-l2,dbpedia-entity,temp_lodo,0.5,0.5099085365853658,0.571553038553692,2624,4591,-0.009908536585365835,0.34698322805489
tinybert-l2,dbpedia-entity,temp_lodo,0.6,0.5687732342007435,0.4101502940535831,1883,4591,0.03122676579925643,0.34698322805489
tinybert-l2,dbpedia-entity,temp_lodo,0.7,0.726998491704374,0.14441298192115007,663,4591,-0.026998491704374072,0.34698322805489
tinybert-l2,dbpedia-entity,temp_lodo,0.8,,0.0,0,4591,,0.34698322805489
tinybert-l2,dbpedia-entity,temp_lodo,0.9,,0.0,0,4591,,0.34698322805489
tinybert-l2,trec-covid,raw,0.5,0.6997792494481236,0.7819332566168009,1359,1738,-0.19977924944812364,0.6242807825086306
tinybert-l2,trec-covid,raw,0.6,0.7052238805970149,0.7710011507479861,1340,1738,-0.10522388059701493,0.6242807825086306
tinybert-l2,trec-covid,raw,0.7,0.7081122062168309,0.7589182968929804,1319,1738,-0.008112206216830953,0.6242807825086306
tinybert-l2,trec-covid,raw,0.8,0.7126258714175058,0.742807825086306,1291,1738,0.08737412858249427,0.6242807825086306
tinybert-l2,trec-covid,raw,0.9,0.7179282868525897,0.7220943613348677,1255,1738,0.18207171314741033,0.6242807825086306
tinybert-l2,trec-covid,temp,0.5,0.6997792494481236,0.7819332566168009,1359,1738,-0.19977924944812364,0.6242807825086306
tinybert-l2,trec-covid,temp,0.6,0.7202283849918434,0.7054085155350979,1226,1738,-0.1202283849918434,0.6242807825086306
tinybert-l2,trec-covid,temp,0.7,0.7770345596432553,0.5161104718066744,897,1738,-0.07703455964325534,0.6242807825086306
tinybert-l2,trec-covid,temp,0.8,0.7863247863247863,0.06731875719217491,117,1738,0.013675213675213738,0.6242807825086306
tinybert-l2,trec-covid,temp,0.9,,0.0,0,1738,,0.6242807825086306
tinybert-l2,trec-covid,platt,0.5,0.7026627218934911,0.7779056386651323,1352,1738,-0.2026627218934911,0.6242807825086306
tinybert-l2,trec-covid,platt,0.6,0.7208163265306122,0.7048331415420023,1225,1738,-0.12081632653061225,0.6242807825086306
tinybert-l2,trec-covid,platt,0.7,0.7785234899328859,0.5143843498273878,894,1738,-0.07852348993288594,0.6242807825086306
tinybert-l2,trec-covid,platt,0.8,0.7863247863247863,0.06731875719217491,117,1738,0.013675213675213738,0.6242807825086306
tinybert-l2,trec-covid,platt,0.9,,0.0,0,1738,,0.6242807825086306
tinybert-l2,trec-covid,iso,0.5,0.6965065502183406,0.7905638665132336,1374,1738,-0.19650655021834063,0.6242807825086306
tinybert-l2,trec-covid,iso,0.6,0.765524625267666,0.5373993095512083,934,1738,-0.16552462526766598,0.6242807825086306
tinybert-l2,trec-covid,iso,0.7,0.8017366136034733,0.39758342922899886,691,1738,-0.1017366136034733,0.6242807825086306
tinybert-l2,trec-covid,iso,0.8,0.8302583025830258,0.15592635212888378,271,1738,-0.030258302583025753,0.6242807825086306
tinybert-l2,trec-covid,iso,0.9,0.8823529411764706,0.019562715765247412,34,1738,0.01764705882352946,0.6242807825086306
tinybert-l2,trec-covid,temp_lodo,0.5,0.6997792494481236,0.7819332566168009,1359,1738,-0.19977924944812364,0.6242807825086306
tinybert-l2,trec-covid,temp_lodo,0.6,0.7360754070265638,0.6714614499424626,1167,1738,-0.13607540702656384,0.6242807825086306
tinybert-l2,trec-covid,temp_lodo,0.7,0.8165467625899281,0.31990794016110474,556,1738,-0.11654676258992813,0.6242807825086306
tinybert-l2,trec-covid,temp_lodo,0.8,,0.0,0,1738,,0.6242807825086306
tinybert-l2,trec-covid,temp_lodo,0.9,,0.0,0,1738,,0.6242807825086306
tinybert-l2,trec-dl-2019,raw,0.5,0.4665090622537431,0.5503035559410234,1269,2306,0.03349093774625689,0.34952298352124894
tinybert-l2,trec-dl-2019,raw,0.6,0.4715447154471545,0.5333911535125759,1230,2306,0.1284552845528455,0.34952298352124894
tinybert-l2,trec-dl-2019,raw,0.7,0.48559322033898306,0.5117085862966175,1180,2306,0.2144067796610169,0.34952298352124894
tinybert-l2,trec-dl-2019,raw,0.8,0.4981981981981982,0.4813529921942758,1110,2306,0.30180180180180183,0.34952298352124894
tinybert-l2,trec-dl-2019,raw,0.9,0.5116731517509727,0.4457935819601041,1028,2306,0.3883268482490273,0.34952298352124894
tinybert-l2,trec-dl-2019,temp,0.5,0.4665090622537431,0.5503035559410234,1269,2306,0.03349093774625689,0.34952298352124894
tinybert-l2,trec-dl-2019,temp,0.6,0.5318435754189944,0.38811795316565484,895,2306,0.06815642458100557,0.34952298352124894
tinybert-l2,trec-dl-2019,temp,0.7,0.656,0.16261925411968778,375,2306,0.04399999999999993,0.34952298352124894
tinybert-l2,trec-dl-2019,temp,0.8,,0.0,0,2306,,0.34952298352124894
tinybert-l2,trec-dl-2019,temp,0.9,,0.0,0,2306,,0.34952298352124894
tinybert-l2,trec-dl-2019,platt,0.5,0.571656050955414,0.2723330442324371,628,2306,-0.07165605095541405,0.34952298352124894
tinybert-l2,trec-dl-2019,platt,0.6,0.6981132075471698,0.11491760624457936,265,2306,-0.09811320754716979,0.34952298352124894
tinybert-l2,trec-dl-2019,platt,0.7,,0.003469210754553339,8,2306,,0.34952298352124894
tinybert-l2,trec-dl-2019,platt,0.8,,0.0,0,2306,,0.34952298352124894
tinybert-l2,trec-dl-2019,platt,0.9,,0.0,0,2306,,0.34952298352124894
tinybert-l2,trec-dl-2019,iso,0.5,0.5809352517985612,0.24111014744145706,556,2306,-0.0809352517985612,0.34952298352124894
tinybert-l2,trec-dl-2019,iso,0.6,0.6923076923076923,0.12966175195143104,299,2306,-0.09230769230769231,0.34952298352124894
tinybert-l2,trec-dl-2019,iso,0.7,0.6984732824427481,0.11361665221162186,262,2306,0.0015267175572518665,0.34952298352124894
tinybert-l2,trec-dl-2019,iso,0.8,,0.0008673026886383347,2,2306,,0.34952298352124894
tinybert-l2,trec-dl-2019,iso,0.9,,0.0008673026886383347,2,2306,,0.34952298352124894
tinybert-l2,trec-dl-2019,temp_lodo,0.5,0.4665090622537431,0.5503035559410234,1269,2306,0.03349093774625689,0.34952298352124894
tinybert-l2,trec-dl-2019,temp_lodo,0.6,0.527448869752422,0.4028620988725065,929,2306,0.07255113024757798,0.34952298352124894
tinybert-l2,trec-dl-2019,temp_lodo,0.7,0.6069958847736625,0.21075455333911536,486,2306,0.09300411522633745,0.34952298352124894
tinybert-l2,trec-dl-2019,temp_lodo,0.8,,0.003035559410234172,7,2306,,0.34952298352124894
tinybert-l2,trec-dl-2019,temp_lodo,0.9,,0.0,0,2306,,0.34952298352124894
tinybert-l2,trec-dl-2020,raw,0.5,0.2600896860986547,0.5490678860358776,1561,2843,0.23991031390134532,0.16848399577910658
tinybert-l2,trec-dl-2020,raw,0.6,0.2658311345646438,0.5332395357017236,1516,2843,0.3341688654353562,0.16848399577910658
tinybert-l2,trec-dl-2020,raw,0.7,0.27104722792607805,0.513893774182202,1461,2843,0.4289527720739219,0.16848399577910658
tinybert-l2,trec-dl-2020,raw,0.8,0.2785923753665689,0.47977488568413645,1364,2843,0.5214076246334312,0.16848399577910658
tinybert-l2,trec-dl-2020,raw,0.9,0.2917329093799682,0.44249032711924025,1258,2843,0.6082670906200318,0.16848399577910658
tinybert-l2,trec-dl-2020,temp,0.5,0.2600896860986547,0.5490678860358776,1561,2843,0.23991031390134532,0.16848399577910658
tinybert-l2,trec-dl-2020,temp,0.6,0.3368421052631579,0.3341540626099191,950,2843,0.2631578947368421,0.16848399577910658
tinybert-l2,trec-dl-2020,temp,0.7,0.6067415730337079,0.03130495954977137,89,2843,0.09325842696629205,0.16848399577910658
tinybert-l2,trec-dl-2020,temp,0.8,,0.0,0,2843,,0.16848399577910658
tinybert-l2,trec-dl-2020,temp,0.9,,0.0,0,2843,,0.16848399577910658
tinybert-l2,trec-dl-2020,platt,0.5,0.7096774193548387,0.021807949349278932,62,2843,-0.20967741935483875,0.16848399577910658
tinybert-l2,trec-dl-2020,platt,0.6,,0.0,0,2843,,0.16848399577910658
tinybert-l2,trec-dl-2020,platt,0.7,,0.0,0,2843,,0.16848399577910658
tinybert-l2,trec-dl-2020,platt,0.8,,0.0,0,2843,,0.16848399577910658
tinybert-l2,trec-dl-2020,platt,0.9,,0.0,0,2843,,0.16848399577910658
tinybert-l2,trec-dl-2020,iso,0.5,0.5031055900621118,0.056630320084417866,161,2843,-0.0031055900621117516,0.16848399577910658
tinybert-l2,trec-dl-2020,iso,0.6,0.7954545454545454,0.015476609215617306,44,2843,-0.19545454545454544,0.16848399577910658
tinybert-l2,trec-dl-2020,iso,0.7,,0.01020049243756595,29,2843,,0.16848399577910658
tinybert-l2,trec-dl-2020,iso,0.8,,0.01020049243756595,29,2843,,0.16848399577910658
tinybert-l2,trec-dl-2020,iso,0.9,,0.004924375659514597,14,2843,,0.16848399577910658
tinybert-l2,trec-dl-2020,temp_lodo,0.5,0.2600896860986547,0.5490678860358776,1561,2843,0.23991031390134532,0.16848399577910658
tinybert-l2,trec-dl-2020,temp_lodo,0.6,0.3028229255774166,0.4111853675694689,1169,2843,0.2971770744225834,0.16848399577910658
tinybert-l2,trec-dl-2020,temp_lodo,0.7,0.4029363784665579,0.215617305663032,613,2843,0.29706362153344207,0.16848399577910658
tinybert-l2,trec-dl-2020,temp_lodo,0.8,,0.008793527963418923,25,2843,,0.16848399577910658
tinybert-l2,trec-dl-2020,temp_lodo,0.9,,0.0,0,2843,,0.16848399577910658
tinybert-l2,webis-touche2020,raw,0.5,0.8407960199004975,0.6320754716981132,201,318,-0.34079601990049746,0.779874213836478
tinybert-l2,webis-touche2020,raw,0.6,0.837696335078534,0.60062893081761,191,318,-0.23769633507853405,0.779874213836478
tinybert-l2,webis-touche2020,raw,0.7,0.8412698412698413,0.5943396226415094,189,318,-0.14126984126984132,0.779874213836478
tinybert-l2,webis-touche2020,raw,0.8,0.8305084745762712,0.5566037735849056,177,318,-0.03050847457627115,0.779874213836478
tinybert-l2,webis-touche2020,raw,0.9,0.8242424242424242,0.5188679245283019,165,318,0.0757575757575758,0.779874213836478
tinybert-l2,webis-touche2020,temp,0.5,0.8407960199004975,0.6320754716981132,201,318,-0.34079601990049746,0.779874213836478
tinybert-l2,webis-touche2020,temp,0.6,0.7890625,0.4025157232704403,128,318,-0.18906250000000002,0.779874213836478
tinybert-l2,webis-touche2020,temp,0.7,,0.07232704402515723,23,318,,0.779874213836478
tinybert-l2,webis-touche2020,temp,0.8,,0.0,0,318,,0.779874213836478
tinybert-l2,webis-touche2020,temp,0.9,,0.0,0,318,,0.779874213836478
tinybert-l2,webis-touche2020,platt,0.5,0.779874213836478,1.0,318,318,-0.27987421383647804,0.779874213836478
tinybert-l2,webis-touche2020,platt,0.6,0.779874213836478,1.0,318,318,-0.17987421383647806,0.779874213836478
tinybert-l2,webis-touche2020,platt,0.7,0.8104089219330854,0.8459119496855346,269,318,-0.11040892193308549,0.779874213836478
tinybert-l2,webis-touche2020,platt,0.8,0.8176100628930818,0.5,159,318,-0.017610062893081757,0.779874213836478
tinybert-l2,webis-touche2020,platt,0.9,,0.0,0,318,,0.779874213836478
tinybert-l2,webis-touche2020,iso,0.5,0.7993197278911565,0.9245283018867925,294,318,-0.29931972789115646,0.779874213836478
tinybert-l2,webis-touche2020,iso,0.6,0.803448275862069,0.9119496855345912,290,318,-0.20344827586206904,0.779874213836478
tinybert-l2,webis-touche2020,iso,0.7,0.8192307692307692,0.8176100628930818,260,318,-0.11923076923076925,0.779874213836478
tinybert-l2,webis-touche2020,iso,0.8,0.8300395256916996,0.7955974842767296,253,318,-0.030039525691699542,0.779874213836478
tinybert-l2,webis-touche2020,iso,0.9,,0.0,0,318,,0.779874213836478
tinybert-l2,webis-touche2020,temp_lodo,0.5,0.8407960199004975,0.6320754716981132,201,318,-0.34079601990049746,0.779874213836478
tinybert-l2,webis-touche2020,temp_lodo,0.6,0.8145695364238411,0.4748427672955975,151,318,-0.21456953642384113,0.779874213836478
tinybert-l2,webis-touche2020,temp_lodo,0.7,0.7317073170731707,0.2578616352201258,82,318,-0.03170731707317076,0.779874213836478
tinybert-l2,webis-touche2020,temp_lodo,0.8,,0.006289308176100629,2,318,,0.779874213836478
tinybert-l2,webis-touche2020,temp_lodo,0.9,,0.0,0,318,,0.779874213836478
bge-reranker,dbpedia-entity,raw,0.5,0.5922480620155038,0.42147680243955565,1935,4591,-0.09224806201550384,0.34698322805489
bge-reranker,dbpedia-entity,raw,0.6,0.6155593412833618,0.3835765628403398,1761,4591,-0.015559341283361783,0.34698322805489
bge-reranker,dbpedia-entity,raw,0.7,0.6381371932032724,0.34611195817904594,1589,4591,0.06186280679672751,0.34698322805489
bge-reranker,dbpedia-entity,raw,0.8,0.662807525325615,0.30102374210411675,1382,4591,0.137192474674385,0.34698322805489
bge-reranker,dbpedia-entity,raw,0.9,0.6967285587975243,0.24635155739490308,1131,4591,0.20327144120247576,0.34698322805489
bge-reranker,dbpedia-entity,temp,0.5,0.5922480620155038,0.42147680243955565,1935,4591,-0.09224806201550384,0.34698322805489
bge-reranker,dbpedia-entity,temp,0.6,0.6539792387543253,0.3147462426486604,1445,4591,-0.05397923875432531,0.34698322805489
bge-reranker,dbpedia-entity,temp,0.7,0.712890625,0.22304508821607494,1024,4591,-0.012890625000000044,0.34698322805489
bge-reranker,dbpedia-entity,temp,0.8,0.7777777777777778,0.13918536266608583,639,4591,0.022222222222222254,0.34698322805489
bge-reranker,dbpedia-entity,temp,0.9,0.8858267716535433,0.05532563711609671,254,4591,0.014173228346456734,0.34698322805489
bge-reranker,dbpedia-entity,platt,0.5,0.6827868852459016,0.265737312132433,1220,4591,-0.1827868852459016,0.34698322805489
bge-reranker,dbpedia-entity,platt,0.6,0.7341628959276018,0.19255064256153342,884,4591,-0.13416289592760178,0.34698322805489
bge-reranker,dbpedia-entity,platt,0.7,0.7883597883597884,0.12350250490089305,567,4591,-0.08835978835978842,0.34698322805489
bge-reranker,dbpedia-entity,platt,0.8,0.8518518518518519,0.07057285994336746,324,4591,-0.051851851851851816,0.34698322805489
bge-reranker,dbpedia-entity,platt,0.9,1.0,0.017207580047919842,79,4591,-0.09999999999999998,0.34698322805489
bge-reranker,dbpedia-entity,iso,0.5,0.6747648902821317,0.27793509039424963,1276,4591,-0.1747648902821317,0.34698322805489
bge-reranker,dbpedia-entity,iso,0.6,0.7925233644859813,0.11653234589414072,535,4591,-0.19252336448598129,0.34698322805489
bge-reranker,dbpedia-entity,iso,0.7,0.814317673378076,0.09736440862557177,447,4591,-0.11431767337807608,0.34698322805489
bge-reranker,dbpedia-entity,iso,0.8,0.8153153153153153,0.09671095621868873,444,4591,-0.01531531531531527,0.34698322805489
bge-reranker,dbpedia-entity,iso,0.9,0.9383561643835616,0.03180135046830756,146,4591,-0.0383561643835616,0.34698322805489
bge-reranker,dbpedia-entity,temp_lodo,0.5,0.5922480620155038,0.42147680243955565,1935,4591,-0.09224806201550384,0.34698322805489
bge-reranker,dbpedia-entity,temp_lodo,0.6,0.6664190193164933,0.2931823132215204,1346,4591,-0.0664190193164933,0.34698322805489
bge-reranker,dbpedia-entity,temp_lodo,0.7,0.7351598173515982,0.19080810280984534,876,4591,-0.03515981735159823,0.34698322805489
bge-reranker,dbpedia-entity,temp_lodo,0.8,0.8095238095238095,0.10063167065998693,462,4591,-0.00952380952380949,0.34698322805489
bge-reranker,dbpedia-entity,temp_lodo,0.9,0.9791666666666666,0.020910477020257025,96,4591,-0.07916666666666661,0.34698322805489
bge-reranker,trec-covid,raw,0.5,0.7079245283018868,0.7623705408515535,1325,1738,-0.2079245283018868,0.6242807825086306
bge-reranker,trec-covid,raw,0.6,0.7150663544106167,0.737054085155351,1281,1738,-0.11506635441061674,0.6242807825086306
bge-reranker,trec-covid,raw,0.7,0.7185483870967742,0.713463751438435,1240,1738,-0.0185483870967742,0.6242807825086306
bge-reranker,trec-covid,raw,0.8,0.7228915662650602,0.6685845799769851,1162,1738,0.07710843373493981,0.6242807825086306
bge-reranker,trec-covid,raw,0.9,0.7448478900883219,0.5863060989643268,1019,1738,0.15515210991167816,0.6242807825086306
bge-reranker,trec-covid,temp,0.5,0.7079245283018868,0.7623705408515535,1325,1738,-0.2079245283018868,0.6242807825086306
bge-reranker,trec-covid,temp,0.6,0.7327188940092166,0.6242807825086306,1085,1738,-0.13271889400921666,0.6242807825086306
bge-reranker,trec-covid,temp,0.7,0.7932432432432432,0.42577675489067895,740,1738,-0.09324324324324329,0.6242807825086306
bge-reranker,trec-covid,temp,0.8,0.8697183098591549,0.16340621403912542,284,1738,-0.06971830985915484,0.6242807825086306
bge-reranker,trec-covid,temp,0.9,,0.0005753739930955121,1,1738,,0.6242807825086306
bge-reranker,trec-covid,platt,0.5,0.7028023598820059,0.7802071346375143,1356,1738,-0.2028023598820059,0.6242807825086306
bge-reranker,trec-covid,platt,0.6,0.7233856893542757,0.6593785960874569,1146,1738,-0.12338568935427574,0.6242807825086306
bge-reranker,trec-covid,platt,0.7,0.7850821744627055,0.45512082853855007,791,1738,-0.0850821744627055,0.6242807825086306
bge-reranker,trec-covid,platt,0.8,0.8657718120805369,0.1714614499424626,298,1738,-0.06577181208053684,0.6242807825086306
bge-reranker,trec-covid,platt,0.9,,0.0005753739930955121,1,1738,,0.6242807825086306
bge-reranker,trec-covid,iso,0.5,0.7190016103059581,0.714614499424626,1242,1738,-0.2190016103059581,0.6242807825086306
bge-reranker,trec-covid,iso,0.6,0.7595066803699897,0.5598388952819332,973,1738,-0.15950668036998972,0.6242807825086306
bge-reranker,trec-covid,iso,0.7,0.8014925373134328,0.38550057537399307,670,1738,-0.10149253731343288,0.6242807825086306
bge-reranker,trec-covid,iso,0.8,0.8228346456692913,0.29228998849252014,508,1738,-0.022834645669291276,0.6242807825086306
bge-reranker,trec-covid,iso,0.9,0.9294117647058824,0.048906789413118525,85,1738,-0.02941176470588236,0.6242807825086306
bge-reranker,trec-covid,temp_lodo,0.5,0.7079245283018868,0.7623705408515535,1325,1738,-0.2079245283018868,0.6242807825086306
bge-reranker,trec-covid,temp_lodo,0.6,0.723874256584537,0.6772151898734177,1177,1738,-0.12387425658453699,0.6242807825086306
bge-reranker,trec-covid,temp_lodo,0.7,0.7623554153522608,0.547180667433832,951,1738,-0.06235541535226086,0.6242807825086306
bge-reranker,trec-covid,temp_lodo,0.8,0.8135593220338984,0.3394706559263521,590,1738,-0.013559322033898313,0.6242807825086306
bge-reranker,trec-covid,temp_lodo,0.9,0.9,0.0805523590333717,140,1738,0.0,0.6242807825086306
bge-reranker,trec-dl-2019,raw,0.5,0.5528756957328386,0.46747614917606245,1078,2306,-0.05287569573283857,0.34952298352124894
bge-reranker,trec-dl-2019,raw,0.6,0.5791583166332666,0.4327840416305291,998,2306,0.02084168336673342,0.34952298352124894
bge-reranker,trec-dl-2019,raw,0.7,0.5969331872946331,0.39592367736339984,913,2306,0.10306681270536688,0.34952298352124894
bge-reranker,trec-dl-2019,raw,0.8,0.6184690157958688,0.3568950563746748,823,2306,0.18153098420413127,0.34952298352124894
bge-reranker,trec-dl-2019,raw,0.9,0.6570996978851964,0.2870771899392888,662,2306,0.24290030211480362,0.34952298352124894
bge-reranker,trec-dl-2019,temp,0.5,0.5528756957328386,0.46747614917606245,1078,2306,-0.05287569573283857,0.34952298352124894
bge-reranker,trec-dl-2019,temp,0.6,0.6165865384615384,0.36079791847354725,832,2306,-0.016586538461538458,0.34952298352124894
bge-reranker,trec-dl-2019,temp,0.7,0.6980108499095841,0.23980919340849957,553,2306,0.001989150090415892,0.34952298352124894
bge-reranker,trec-dl-2019,temp,0.8,0.7756410256410257,0.13529921942758022,312,2306,0.024358974358974383,0.34952298352124894
bge-reranker,trec-dl-2019,temp,0.9,0.7857142857142857,0.024284475281873375,56,2306,0.11428571428571432,0.34952298352124894
bge-reranker,trec-dl-2019,platt,0.5,0.6731391585760518,0.26799653078924546,618,2306,-0.17313915857605178,0.34952298352124894
bge-reranker,trec-dl-2019,platt,0.6,0.7371937639198218,0.19470945359930616,449,2306,-0.13719376391982185,0.34952298352124894
bge-reranker,trec-dl-2019,platt,0.7,0.7818181818181819,0.11925411968777103,275,2306,-0.0818181818181819,0.34952298352124894
bge-reranker,trec-dl-2019,platt,0.8,0.8,0.04553339115351258,105,2306,0.0,0.34952298352124894
bge-reranker,trec-dl-2019,platt,0.9,,0.0026019080659150044,6,2306,,0.34952298352124894
bge-reranker,trec-dl-2019,iso,0.5,0.6395027624309392,0.3139635732870772,724,2306,-0.13950276243093918,0.34952298352124894
bge-reranker,trec-dl-2019,iso,0.6,0.7026515151515151,0.22896790980052037,528,2306,-0.10265151515151516,0.34952298352124894
bge-reranker,trec-dl-2019,iso,0.7,0.7487437185929648,0.17259323503902863,398,2306,-0.04874371859296489,0.34952298352124894
bge-reranker,trec-dl-2019,iso,0.8,0.793859649122807,0.09887250650477017,228,2306,0.0061403508771930015,0.34952298352124894
bge-reranker,trec-dl-2019,iso,0.9,,0.0004336513443191674,1,2306,,0.34952298352124894
bge-reranker,trec-dl-2019,temp_lodo,0.5,0.5528756957328386,0.46747614917606245,1078,2306,-0.05287569573283857,0.34952298352124894
bge-reranker,trec-dl-2019,temp_lodo,0.6,0.6192214111922141,0.3564614050303556,822,2306,-0.0192214111922141,0.34952298352124894
bge-reranker,trec-dl-2019,temp_lodo,0.7,0.704331450094162,0.2302688638334779,531,2306,-0.004331450094162026,0.34952298352124894
bge-reranker,trec-dl-2019,temp_lodo,0.8,0.7827586206896552,0.12575888985255854,290,2306,0.017241379310344862,0.34952298352124894
bge-reranker,trec-dl-2019,temp_lodo,0.9,0.7391304347826086,0.0199479618386817,46,2306,0.16086956521739137,0.34952298352124894
bge-reranker,trec-dl-2020,raw,0.5,0.34628099173553717,0.4256067534294759,1210,2843,0.15371900826446283,0.16848399577910658
bge-reranker,trec-dl-2020,raw,0.6,0.35883905013192613,0.39992965177629264,1137,2843,0.24116094986807385,0.16848399577910658
bge-reranker,trec-dl-2020,raw,0.7,0.37877312560856863,0.36123812873724936,1027,2843,0.3212268743914313,0.16848399577910658
bge-reranker,trec-dl-2020,raw,0.8,0.39713971397139713,0.31973267674991207,909,2843,0.4028602860286029,0.16848399577910658
bge-reranker,trec-dl-2020,raw,0.9,0.43137254901960786,0.26908195568061904,765,2843,0.46862745098039216,0.16848399577910658
bge-reranker,trec-dl-2020,temp,0.5,0.34628099173553717,0.4256067534294759,1210,2843,0.15371900826446283,0.16848399577910658
bge-reranker,trec-dl-2020,temp,0.6,0.39713971397139713,0.31973267674991207,909,2843,0.20286028602860284,0.16848399577910658
bge-reranker,trec-dl-2020,temp,0.7,0.48148148148148145,0.21843123461132607,621,2843,0.2185185185185185,0.16848399577910658
bge-reranker,trec-dl-2020,temp,0.8,0.5853658536585366,0.11537108688005628,328,2843,0.2146341463414635,0.16848399577910658
bge-reranker,trec-dl-2020,temp,0.9,0.7419354838709677,0.021807949349278932,62,2843,0.15806451612903227,0.16848399577910658
bge-reranker,trec-dl-2020,platt,0.5,0.5952380952380952,0.10341188884980654,294,2843,-0.09523809523809523,0.16848399577910658
bge-reranker,trec-dl-2020,platt,0.6,0.6741573033707865,0.06260991909954274,178,2843,-0.07415730337078652,0.16848399577910658
bge-reranker,trec-dl-2020,platt,0.7,0.7282608695652174,0.03236018290538164,92,2843,-0.02826086956521745,0.16848399577910658
bge-reranker,trec-dl-2020,platt,0.8,,0.007386563489271896,21,2843,,0.16848399577910658
bge-reranker,trec-dl-2020,platt,0.9,,0.0,0,2843,,0.16848399577910658
bge-reranker,trec-dl-2020,iso,0.5,0.6013986013986014,0.10059795990151249,286,2843,-0.10139860139860135,0.16848399577910658
bge-reranker,trec-dl-2020,iso,0.6,0.7103448275862069,0.05100246218782976,145,2843,-0.1103448275862069,0.16848399577910658
bge-reranker,trec-dl-2020,iso,0.7,0.7586206896551724,0.0204009848751319,58,2843,-0.05862068965517242,0.16848399577910658
bge-reranker,trec-dl-2020,iso,0.8,0.7954545454545454,0.015476609215617306,44,2843,0.00454545454545463,0.16848399577910658
bge-reranker,trec-dl-2020,iso,0.9,,0.006331340133661625,18,2843,,0.16848399577910658
bge-reranker,trec-dl-2020,temp_lodo,0.5,0.34628099173553717,0.4256067534294759,1210,2843,0.15371900826446283,0.16848399577910658
bge-reranker,trec-dl-2020,temp_lodo,0.6,0.39713971397139713,0.31973267674991207,909,2843,0.20286028602860284,0.16848399577910658
bge-reranker,trec-dl-2020,temp_lodo,0.7,0.4820261437908497,0.21526556454449525,612,2843,0.21797385620915027,0.16848399577910658
bge-reranker,trec-dl-2020,temp_lodo,0.8,0.5917721518987342,0.11115019345761519,316,2843,0.20822784810126582,0.16848399577910658
bge-reranker,trec-dl-2020,temp_lodo,0.9,0.75,0.021104467112205417,60,2843,0.15000000000000002,0.16848399577910658
bge-reranker,webis-touche2020,raw,0.5,0.8693467336683417,0.6257861635220126,199,318,-0.3693467336683417,0.779874213836478
bge-reranker,webis-touche2020,raw,0.6,0.8645833333333334,0.6037735849056604,192,318,-0.2645833333333334,0.779874213836478
bge-reranker,webis-touche2020,raw,0.7,0.8641304347826086,0.5786163522012578,184,318,-0.1641304347826087,0.779874213836478
bge-reranker,webis-touche2020,raw,0.8,0.872093023255814,0.5408805031446541,172,318,-0.0720930232558139,0.779874213836478
bge-reranker,webis-touche2020,raw,0.9,0.8675496688741722,0.4748427672955975,151,318,0.03245033112582785,0.779874213836478
bge-reranker,webis-touche2020,temp,0.5,0.8693467336683417,0.6257861635220126,199,318,-0.3693467336683417,0.779874213836478
bge-reranker,webis-touche2020,temp,0.6,0.855072463768116,0.4339622641509434,138,318,-0.255072463768116,0.779874213836478
bge-reranker,webis-touche2020,temp,0.7,0.7833333333333333,0.18867924528301888,60,318,-0.08333333333333337,0.779874213836478
bge-reranker,webis-touche2020,temp,0.8,,0.0,0,318,,0.779874213836478
bge-reranker,webis-touche2020,temp,0.9,,0.0,0,318,,0.779874213836478
bge-reranker,webis-touche2020,platt,0.5,0.7827476038338658,0.9842767295597484,313,318,-0.28274760383386577,0.779874213836478
bge-reranker,webis-touche2020,platt,0.6,0.8114478114478114,0.9339622641509434,297,318,-0.21144781144781144,0.779874213836478
bge-reranker,webis-touche2020,platt,0.7,0.852,0.7861635220125787,250,318,-0.15200000000000002,0.779874213836478
bge-reranker,webis-touche2020,platt,0.8,0.8594594594594595,0.5817610062893082,185,318,-0.05945945945945941,0.779874213836478
bge-reranker,webis-touche2020,platt,0.9,0.7647058823529411,0.16037735849056603,51,318,0.1352941176470589,0.779874213836478
bge-reranker,webis-touche2020,iso,0.5,0.7947882736156352,0.9654088050314465,307,318,-0.2947882736156352,0.779874213836478
bge-reranker,webis-touche2020,iso,0.6,0.8108108108108109,0.9308176100628931,296,318,-0.21081081081081088,0.779874213836478
bge-reranker,webis-touche2020,iso,0.7,0.8628318584070797,0.710691823899371,226,318,-0.1628318584070797,0.779874213836478
bge-reranker,webis-touche2020,iso,0.8,0.8743961352657005,0.6509433962264151,207,318,-0.07439613526570044,0.779874213836478
bge-reranker,webis-touche2020,iso,0.9,0.75,0.16352201257861634,52,318,0.15000000000000002,0.779874213836478
bge-reranker,webis-touche2020,temp_lodo,0.5,0.8693467336683417,0.6257861635220126,199,318,-0.3693467336683417,0.779874213836478
bge-reranker,webis-touche2020,temp_lodo,0.6,0.872093023255814,0.5408805031446541,172,318,-0.27209302325581397,0.779874213836478
bge-reranker,webis-touche2020,temp_lodo,0.7,0.855072463768116,0.4339622641509434,138,318,-0.155072463768116,0.779874213836478
bge-reranker,webis-touche2020,temp_lodo,0.8,0.8181818181818182,0.27672955974842767,88,318,-0.018181818181818188,0.779874213836478
bge-reranker,webis-touche2020,temp_lodo,0.9,,0.05660377358490566,18,318,,0.779874213836478
electra-base,dbpedia-entity,raw,0.5,0.4363033873343152,0.591592245698105,2716,4591,0.06369661266568483,0.34698322805489
electra-base,dbpedia-entity,raw,0.6,0.4370786516853933,0.5815726421258985,2670,4591,0.1629213483146067,0.34698322805489
electra-base,dbpedia-entity,raw,0.7,0.43653250773993807,0.5628403397952516,2584,4591,0.2634674922600619,0.34698322805489
electra-base,dbpedia-entity,raw,0.8,0.4426229508196721,0.5181877586582444,2379,4591,0.3573770491803279,0.34698322805489
electra-base,dbpedia-entity,raw,0.9,0.4619718309859155,0.38662600740579395,1775,4591,0.43802816901408453,0.34698322805489
electra-base,dbpedia-entity,temp,0.5,0.4363033873343152,0.591592245698105,2716,4591,0.06369661266568483,0.34698322805489
electra-base,dbpedia-entity,temp,0.6,0.4946938775510204,0.2668263994772381,1225,4591,0.10530612244897958,0.34698322805489
electra-base,dbpedia-entity,temp,0.7,,0.0,0,4591,,0.34698322805489
electra-base,dbpedia-entity,temp,0.8,,0.0,0,4591,,0.34698322805489
electra-base,dbpedia-entity,temp,0.9,,0.0,0,4591,,0.34698322805489
electra-base,dbpedia-entity,platt,0.5,0.5506329113924051,0.10324548028751906,474,4591,-0.05063291139240511,0.34698322805489
electra-base,dbpedia-entity,platt,0.6,,0.0,0,4591,,0.34698322805489
electra-base,dbpedia-entity,platt,0.7,,0.0,0,4591,,0.34698322805489
electra-base,dbpedia-entity,platt,0.8,,0.0,0,4591,,0.34698322805489
electra-base,dbpedia-entity,platt,0.9,,0.0,0,4591,,0.34698322805489
electra-base,dbpedia-entity,iso,0.5,0.5315568022440392,0.1553038553692006,713,4591,-0.03155680224403923,0.34698322805489
electra-base,dbpedia-entity,iso,0.6,0.5894736842105263,0.04138531910259203,190,4591,0.010526315789473717,0.34698322805489
electra-base,dbpedia-entity,iso,0.7,,0.004574166848181224,21,4591,,0.34698322805489
electra-base,dbpedia-entity,iso,0.8,,0.004574166848181224,21,4591,,0.34698322805489
electra-base,dbpedia-entity,iso,0.9,,0.001960357220649096,9,4591,,0.34698322805489
electra-base,dbpedia-entity,temp_lodo,0.5,0.4363033873343152,0.591592245698105,2716,4591,0.06369661266568483,0.34698322805489
electra-base,dbpedia-entity,temp_lodo,0.6,0.44175422567382366,0.4768024395556524,2189,4591,0.15824577432617631,0.34698322805489
electra-base,dbpedia-entity,temp_lodo,0.7,0.5365853658536586,0.13395774341102157,615,4591,0.1634146341463414,0.34698322805489
electra-base,dbpedia-entity,temp_lodo,0.8,,0.0,0,4591,,0.34698322805489
electra-base,dbpedia-entity,temp_lodo,0.9,,0.0,0,4591,,0.34698322805489
electra-base,trec-covid,raw,0.5,0.6827773995915589,0.8452243958573072,1469,1738,-0.18277739959155892,0.6242807825086306
electra-base,trec-covid,raw,0.6,0.6837431693989071,0.8423475258918297,1464,1738,-0.08374316939890714,0.6242807825086306
electra-base,trec-covid,raw,0.7,0.6849691146190803,0.8383199079401611,1457,1738,0.015030885380919679,0.6242807825086306
electra-base,trec-covid,raw,0.8,0.6869384934346925,0.832566168009206,1447,1738,0.11306150656530756,0.6242807825086306
electra-base,trec-covid,raw,0.9,0.7026049204052098,0.7951668584579977,1382,1738,0.1973950795947902,0.6242807825086306
electra-base,trec-covid,temp,0.5,0.6827773995915589,0.8452243958573072,1469,1738,-0.18277739959155892,0.6242807825086306
electra-base,trec-covid,temp,0.6,0.697098372257608,0.8130034522439585,1413,1738,-0.09709837225760798,0.6242807825086306
electra-base,trec-covid,temp,0.7,0.7831325301204819,0.5253164556962026,913,1738,-0.08313253012048194,0.6242807825086306
electra-base,trec-covid,temp,0.8,,0.0,0,1738,,0.6242807825086306
electra-base,trec-covid,temp,0.9,,0.0,0,1738,,0.6242807825086306
electra-base,trec-covid,platt,0.5,0.6827773995915589,0.8452243958573072,1469,1738,-0.18277739959155892,0.6242807825086306
electra-base,trec-covid,platt,0.6,0.697098372257608,0.8130034522439585,1413,1738,-0.09709837225760798,0.6242807825086306
electra-base,trec-covid,platt,0.7,0.7831325301204819,0.5253164556962026,913,1738,-0.08313253012048194,0.6242807825086306
electra-base,trec-covid,platt,0.8,,0.0,0,1738,,0.6242807825086306
electra-base,trec-covid,platt,0.9,,0.0,0,1738,,0.6242807825086306
electra-base,trec-covid,iso,0.5,0.6997855611150822,0.8049482163406214,1399,1738,-0.19978556111508217,0.6242807825086306
electra-base,trec-covid,iso,0.6,0.7478336221837089,0.663981588032221,1154,1738,-0.14783362218370888,0.6242807825086306
electra-base,trec-covid,iso,0.7,0.8015873015873016,0.3624856156501726,630,1738,-0.10158730158730167,0.6242807825086306
electra-base,trec-covid,iso,0.8,0.8529411764705882,0.25431530494821636,442,1738,-0.05294117647058816,0.6242807825086306
electra-base,trec-covid,iso,0.9,0.875,0.08285385500575373,144,1738,0.025000000000000022,0.6242807825086306
electra-base,trec-covid,temp_lodo,0.5,0.6827773995915589,0.8452243958573072,1469,1738,-0.18277739959155892,0.6242807825086306
electra-base,trec-covid,temp_lodo,0.6,0.6955602536997886,0.8164556962025317,1419,1738,-0.0955602536997886,0.6242807825086306
electra-base,trec-covid,temp_lodo,0.7,0.776495278069255,0.5483314154200231,953,1738,-0.07649527806925505,0.6242807825086306
electra-base,trec-covid,temp_lodo,0.8,,0.0,0,1738,,0.6242807825086306
electra-base,trec-covid,temp_lodo,0.9,,0.0,0,1738,,0.6242807825086306
electra-base,trec-dl-2019,raw,0.5,0.6242299794661191,0.21118820468343452,487,2306,-0.12422997946611913,0.34952298352124894
electra-base,trec-dl-2019,raw,0.6,0.6242038216560509,0.20424978317432785,471,2306,-0.02420382165605095,0.34952298352124894
electra-base,trec-dl-2019,raw,0.7,0.628175519630485,0.1877710320901995,433,2306,0.07182448036951494,0.34952298352124894
electra-base,trec-dl-2019,raw,0.8,0.625,0.16999132697311362,392,2306,0.17500000000000004,0.34952298352124894
electra-base,trec-dl-2019,raw,0.9,0.6145833333333334,0.12489158716392021,288,2306,0.28541666666666665,0.34952298352124894
electra-base,trec-dl-2019,temp,0.5,0.6242299794661191,0.21118820468343452,487,2306,-0.12422997946611913,0.34952298352124894
electra-base,trec-dl-2019,temp,0.6,0.608,0.10841283607979185,250,2306,-0.008000000000000007,0.34952298352124894
electra-base,trec-dl-2019,temp,0.7,,0.0017346053772766695,4,2306,,0.34952298352124894
electra-base,trec-dl-2019,temp,0.8,,0.0,0,2306,,0.34952298352124894
electra-base,trec-dl-2019,temp,0.9,,0.0,0,2306,,0.34952298352124894
electra-base,trec-dl-2019,platt,0.5,0.6202290076335878,0.22723330442324371,524,2306,-0.12022900763358779,0.34952298352124894
electra-base,trec-dl-2019,platt,0.6,0.6253164556962025,0.1712922810060711,395,2306,-0.025316455696202556,0.34952298352124894
electra-base,trec-dl-2019,platt,0.7,0.6495726495726496,0.05073720728534258,117,2306,0.05042735042735036,0.34952298352124894
electra-base,trec-dl-2019,platt,0.8,,0.0,0,2306,,0.34952298352124894
electra-base,trec-dl-2019,platt,0.9,,0.0,0,2306,,0.34952298352124894
electra-base,trec-dl-2019,iso,0.5,0.5625,0.3261058109280139,752,2306,-0.0625,0.34952298352124894
electra-base,trec-dl-2019,iso,0.6,0.6252983293556086,0.18169991326973114,419,2306,-0.025298329355608606,0.34952298352124894
electra-base,trec-dl-2019,iso,0.7,0.6666666666666666,0.03252385082393756,75,2306,0.033333333333333326,0.34952298352124894
electra-base,trec-dl-2019,iso,0.8,,0.0,0,2306,,0.34952298352124894
electra-base,trec-dl-2019,iso,0.9,,0.0,0,2306,,0.34952298352124894
electra-base,trec-dl-2019,temp_lodo,0.5,0.6242299794661191,0.21118820468343452,487,2306,-0.12422997946611913,0.34952298352124894
electra-base,trec-dl-2019,temp_lodo,0.6,0.6080691642651297,0.15047701647875109,347,2306,-0.008069164265129714,0.34952298352124894
electra-base,trec-dl-2019,temp_lodo,0.7,0.6230769230769231,0.05637467476149176,130,2306,0.07692307692307687,0.34952298352124894
electra-base,trec-dl-2019,temp_lodo,0.8,,0.0,0,2306,,0.34952298352124894
electra-base,trec-dl-2019,temp_lodo,0.9,,0.0,0,2306,,0.34952298352124894
electra-base,trec-dl-2020,raw,0.5,0.46236559139784944,0.22898346816742876,651,2843,0.03763440860215056,0.16848399577910658
electra-base,trec-dl-2020,raw,0.6,0.47393364928909953,0.22265212803376716,633,2843,0.12606635071090044,0.16848399577910658
electra-base,trec-dl-2020,raw,0.7,0.4838160136286201,0.20647203658107632,587,2843,0.21618398637137987,0.16848399577910658
electra-base,trec-dl-2020,raw,0.8,0.5009823182711198,0.1790362293352093,509,2843,0.2990176817288802,0.16848399577910658
electra-base,trec-dl-2020,raw,0.9,0.5653409090909091,0.12381287372493845,352,2843,0.33465909090909096,0.16848399577910658
electra-base,trec-dl-2020,temp,0.5,0.46236559139784944,0.22898346816742876,651,2843,0.03763440860215056,0.16848399577910658
electra-base,trec-dl-2020,temp,0.6,0.4927797833935018,0.19486457966936335,554,2843,0.10722021660649816,0.16848399577910658
electra-base,trec-dl-2020,temp,0.7,0.5907590759075908,0.10657755891663735,303,2843,0.10924092409240915,0.16848399577910658
electra-base,trec-dl-2020,temp,0.8,0.7068965517241379,0.0408019697502638,116,2843,0.09310344827586214,0.16848399577910658
electra-base,trec-dl-2020,temp,0.9,,0.0,0,2843,,0.16848399577910658
electra-base,trec-dl-2020,platt,0.5,0.6086956521739131,0.09708054871614492,276,2843,-0.10869565217391308,0.16848399577910658
electra-base,trec-dl-2020,platt,0.6,0.7068965517241379,0.0408019697502638,116,2843,-0.10689655172413792,0.16848399577910658
electra-base,trec-dl-2020,platt,0.7,,0.0,0,2843,,0.16848399577910658
electra-base,trec-dl-2020,platt,0.8,,0.0,0,2843,,0.16848399577910658
electra-base,trec-dl-2020,platt,0.9,,0.0,0,2843,,0.16848399577910658
electra-base,trec-dl-2020,iso,0.5,0.6470588235294118,0.07773478719662329,221,2843,-0.1470588235294118,0.16848399577910658
electra-base,trec-dl-2020,iso,0.6,0.7047619047619048,0.03693281744635948,105,2843,-0.10476190476190483,0.16848399577910658
electra-base,trec-dl-2020,iso,0.7,0.7047619047619048,0.03693281744635948,105,2843,-0.004761904761904856,0.16848399577910658
electra-base,trec-dl-2020,iso,0.8,0.8275862068965517,0.0204009848751319,58,2843,-0.027586206896551668,0.16848399577910658
electra-base,trec-dl-2020,iso,0.9,,0.0007034822370735139,2,2843,,0.16848399577910658
electra-base,trec-dl-2020,temp_lodo,0.5,0.46236559139784944,0.22898346816742876,651,2843,0.03763440860215056,0.16848399577910658
electra-base,trec-dl-2020,temp_lodo,0.6,0.5844155844155844,0.10833626450932114,308,2843,0.01558441558441559,0.16848399577910658
electra-base,trec-dl-2020,temp_lodo,0.7,0.825,0.014069644741470278,40,2843,-0.125,0.16848399577910658
electra-base,trec-dl-2020,temp_lodo,0.8,,0.0,0,2843,,0.16848399577910658
electra-base,trec-dl-2020,temp_lodo,0.9,,0.0,0,2843,,0.16848399577910658
electra-base,webis-touche2020,raw,0.5,0.8585365853658536,0.6446540880503144,205,318,-0.35853658536585364,0.779874213836478
electra-base,webis-touche2020,raw,0.6,0.8557213930348259,0.6320754716981132,201,318,-0.2557213930348259,0.779874213836478
electra-base,webis-touche2020,raw,0.7,0.8535353535353535,0.6226415094339622,198,318,-0.15353535353535352,0.779874213836478
electra-base,webis-touche2020,raw,0.8,0.8631578947368421,0.5974842767295597,190,318,-0.06315789473684208,0.779874213836478
electra-base,webis-touche2020,raw,0.9,0.8630952380952381,0.5283018867924528,168,318,0.036904761904761885,0.779874213836478
electra-base,webis-touche2020,temp,0.5,0.8585365853658536,0.6446540880503144,205,318,-0.35853658536585364,0.779874213836478
electra-base,webis-touche2020,temp,0.6,0.85625,0.5031446540880503,160,318,-0.25625,0.779874213836478
electra-base,webis-touche2020,temp,0.7,,0.0,0,318,,0.779874213836478
electra-base,webis-touche2020,temp,0.8,,0.0,0,318,,0.779874213836478
electra-base,webis-touche2020,temp,0.9,,0.0,0,318,,0.779874213836478
electra-base,webis-touche2020,platt,0.5,0.818815331010453,0.9025157232704403,287,318,-0.318815331010453,0.779874213836478
electra-base,webis-touche2020,platt,0.6,0.8363636363636363,0.8647798742138365,275,318,-0.23636363636363633,0.779874213836478
electra-base,webis-touche2020,platt,0.7,0.8612244897959184,0.7704402515723271,245,318,-0.1612244897959184,0.779874213836478
electra-base,webis-touche2020,platt,0.8,0.8585365853658536,0.6446540880503144,205,318,-0.0585365853658536,0.779874213836478
electra-base,webis-touche2020,platt,0.9,0.8360655737704918,0.3836477987421384,122,318,0.06393442622950818,0.779874213836478
electra-base,webis-touche2020,iso,0.5,0.8079470198675497,0.949685534591195,302,318,-0.3079470198675497,0.779874213836478
electra-base,webis-touche2020,iso,0.6,0.8407407407407408,0.8490566037735849,270,318,-0.2407407407407408,0.779874213836478
electra-base,webis-touche2020,iso,0.7,0.8432835820895522,0.8427672955974843,268,318,-0.14328358208955227,0.779874213836478
electra-base,webis-touche2020,iso,0.8,0.859504132231405,0.7610062893081762,242,318,-0.05950413223140494,0.779874213836478
electra-base,webis-touche2020,iso,0.9,0.8617021276595744,0.5911949685534591,188,318,0.03829787234042559,0.779874213836478
electra-base,webis-touche2020,temp_lodo,0.5,0.8585365853658536,0.6446540880503144,205,318,-0.35853658536585364,0.779874213836478
electra-base,webis-touche2020,temp_lodo,0.6,0.8626373626373627,0.5723270440251572,182,318,-0.2626373626373627,0.779874213836478
electra-base,webis-touche2020,temp_lodo,0.7,0.8347826086956521,0.36163522012578614,115,318,-0.13478260869565217,0.779874213836478
electra-base,webis-touche2020,temp_lodo,0.8,,0.0,0,318,,0.779874213836478
electra-base,webis-touche2020,temp_lodo,0.9,,0.0,0,318,,0.779874213836478
