model,source,target,regime,T,ece_temp,ece_platt,ece_raw
minilm-l6,dbpedia-entity,dbpedia-entity,oracle,5.831675060549609,0.2190502120781973,0.02744978725743604,0.29663573830396395
minilm-l6,trec-covid,dbpedia-entity,single,4.401586634724451,0.22396860871016916,0.21716815748514734,0.29663573830396395
minilm-l6,trec-dl-2019,dbpedia-entity,single,6.564648526479132,0.21308879371212341,0.06036514714707967,0.29663573830396395
minilm-l6,trec-dl-2020,dbpedia-entity,single,9.59556824350584,0.22159482394264973,0.14940047214259508,0.29663573830396395
minilm-l6,webis-touche2020,dbpedia-entity,single,4.826696603313794,0.22361582689972337,0.4037512511136922,0.29663573830396395
minilm-l6,LODO,dbpedia-entity,lodo,6.680506197169103,0.2139497833219755,0.05373951705668348,0.29663573830396395
minilm-l6,trec-covid,trec-covid,oracle,4.401586634724451,0.045258989036769115,0.04422956289127876,0.23493210248374763
minilm-l6,dbpedia-entity,trec-covid,single,5.831675060549609,0.05742804008194162,0.2170989549900514,0.23493210248374763
minilm-l6,trec-dl-2019,trec-covid,single,6.564648526479132,0.07977526645220052,0.20705801869739815,0.23493210248374763
minilm-l6,trec-dl-2020,trec-covid,single,9.59556824350584,0.0943231886152019,0.40023641074441774,0.23493210248374763
minilm-l6,webis-touche2020,trec-covid,single,4.826696603313794,0.04812596979689267,0.16148306827521108,0.23493210248374763
minilm-l6,LODO,trec-covid,lodo,6.77722406981193,0.0858342256589918,0.24961834826517393,0.23493210248374763
minilm-l6,trec-dl-2019,trec-dl-2019,oracle,6.564648526479132,0.18046514021760984,0.04649149415804969,0.3120872321399696
minilm-l6,dbpedia-entity,trec-dl-2019,single,5.831675060549609,0.1836805712990624,0.08027052547581474,0.3120872321399696
minilm-l6,trec-covid,trec-dl-2019,single,4.401586634724451,0.19810497091642074,0.1902774067437296,0.3120872321399696
minilm-l6,trec-dl-2020,trec-dl-2019,single,9.59556824350584,0.18908716462946723,0.17101711512412648,0.3120872321399696
minilm-l6,webis-touche2020,trec-dl-2019,single,4.826696603313794,0.19292320538205573,0.3852469367383297,0.3120872321399696
minilm-l6,LODO,trec-dl-2019,lodo,6.2810862600249875,0.18163904989039703,0.0665039606627541,0.3120872321399696
minilm-l6,trec-dl-2020,trec-dl-2020,oracle,9.59556824350584,0.34932262337505504,0.016971985445501776,0.4014733531327235
minilm-l6,dbpedia-entity,trec-dl-2020,single,5.831675060549609,0.36011885559416307,0.14516735024739516,0.4014733531327235
minilm-l6,trec-covid,trec-dl-2020,single,4.401586634724451,0.36771302428089986,0.3605014641868526,0.4014733531327235
minilm-l6,trec-dl-2019,trec-dl-2020,single,6.564648526479132,0.35703324406783515,0.17153800821576082,0.4014733531327235
minilm-l6,webis-touche2020,trec-dl-2020,single,4.826696603313794,0.36504338278113807,0.5613386468781861,0.4014733531327235
minilm-l6,LODO,trec-dl-2020,lodo,5.645656090089999,0.3615898100624528,0.2073270638953364,0.4014733531327235
minilm-l6,webis-touche2020,webis-touche2020,oracle,4.826696603313794,0.21456933693972022,0.10259700927648542,0.2288210172171019
minilm-l6,dbpedia-entity,webis-touche2020,single,5.831675060549609,0.22902027611275136,0.41050591780107065,0.2288210172171019
minilm-l6,trec-covid,webis-touche2020,single,4.401586634724451,0.2152830677212409,0.220831570904136,0.2288210172171019
minilm-l6,trec-dl-2019,webis-touche2020,single,6.564648526479132,0.22371526845033812,0.3841011314896526,0.2288210172171019
minilm-l6,trec-dl-2020,webis-touche2020,single,9.59556824350584,0.22204635540644327,0.5388584692050445,0.2288210172171019
minilm-l6,LODO,webis-touche2020,lodo,6.393368781830007,0.2237495650660317,0.40284964798689327,0.2288210172171019
minilm-l12,dbpedia-entity,dbpedia-entity,oracle,6.588228239469915,0.22146620388982394,0.028152080931513543,0.31344811660644345
minilm-l12,trec-covid,dbpedia-entity,single,4.837425396235783,0.23470450776272728,0.1884603851093737,0.31344811660644345
minilm-l12,trec-dl-2019,dbpedia-entity,single,7.13679021884536,0.2214691706847272,0.04966983182937631,0.31344811660644345
minilm-l12,trec-dl-2020,dbpedia-entity,single,11.67184566453145,0.21968788920573692,0.14923784711016597,0.31344811660644345
minilm-l12,webis-touche2020,dbpedia-entity,single,3.973611695559365,0.24149745187158808,0.3609445279272496,0.31344811660644345
minilm-l12,LODO,dbpedia-entity,lodo,7.29608504465767,0.22228736973255447,0.036815474325425604,0.31344811660644345
minilm-l12,trec-covid,trec-covid,oracle,4.837425396235783,0.058311992070891626,0.04388660485255045,0.25114574637885606
minilm-l12,dbpedia-entity,trec-covid,single,6.588228239469915,0.07362375283234415,0.18621269594769418,0.25114574637885606
minilm-l12,trec-dl-2019,trec-covid,single,7.13679021884536,0.07449985686496705,0.18198987489243879,0.25114574637885606
minilm-l12,trec-dl-2020,trec-covid,single,11.67184566453145,0.10853805097186524,0.37594982487170225,0.25114574637885606
minilm-l12,webis-touche2020,trec-covid,single,3.973611695559365,0.0780972422296728,0.14908581248590333,0.25114574637885606
minilm-l12,LODO,trec-covid,lodo,7.573752123809121,0.0880109470839193,0.22241662358472097,0.25114574637885606
minilm-l12,trec-dl-2019,trec-dl-2019,oracle,7.13679021884536,0.19398829603288245,0.05858952497509709,0.32930743242658395
minilm-l12,dbpedia-entity,trec-dl-2019,single,6.588228239469915,0.19303117529630456,0.0725237614308099,0.32930743242658395
minilm-l12,trec-covid,trec-dl-2019,single,4.837425396235783,0.20651082313924074,0.16619036628295286,0.32930743242658395
minilm-l12,trec-dl-2020,trec-dl-2019,single,11.67184566453145,0.19609431934067195,0.16885213919245984,0.32930743242658395
minilm-l12,webis-touche2020,trec-dl-2019,single,3.973611695559365,0.21714374978104986,0.34166004171971825,0.32930743242658395
minilm-l12,LODO,trec-dl-2019,lodo,6.986608907610746,0.1966663963078212,0.06944416990829443,0.32930743242658395
minilm-l12,trec-dl-2020,trec-dl-2020,oracle,11.67184566453145,0.35114772713733655,0.021442884984729425,0.4216953534141545
minilm-l12,dbpedia-entity,trec-dl-2020,single,6.588228239469915,0.36520523901581975,0.14450080509445837,0.4216953534141545
minilm-l12,trec-covid,trec-dl-2020,single,4.837425396235783,0.3755713408623536,0.32804575196719304,0.4216953534141545
minilm-l12,trec-dl-2019,trec-dl-2020,single,7.13679021884536,0.3628347285859735,0.16745290813076474,0.4216953534141545
minilm-l12,webis-touche2020,trec-dl-2020,single,3.973611695559365,0.3829734699837955,0.512047297589798,0.4216953534141545
minilm-l12,LODO,trec-dl-2020,lodo,6.151971358013258,0.36734283929595724,0.19651314361255368,0.4216953534141545
minilm-l12,webis-touche2020,webis-touche2020,oracle,3.973611695559365,0.15985813629139894,0.11010897025060301,0.16631201954570202
minilm-l12,dbpedia-entity,webis-touche2020,single,6.588228239469915,0.1976082813721033,0.3570335288215911,0.16631201954570202
minilm-l12,trec-covid,webis-touche2020,single,4.837425396235783,0.17277701259971415,0.1983077501079255,0.16631201954570202
minilm-l12,trec-dl-2019,webis-touche2020,single,7.13679021884536,0.18484194764176257,0.34041773033917655,0.16631201954570202
minilm-l12,trec-dl-2020,webis-touche2020,single,11.67184566453145,0.19787696153862672,0.5049702487454062,0.16631201954570202
minilm-l12,LODO,webis-touche2020,lodo,7.15997457973444,0.18486178999052108,0.34333356628647205,0.16631201954570202
tinybert-l2,dbpedia-entity,dbpedia-entity,oracle,6.746783919426322,0.19598430404214395,0.02982874548677535,0.28079771610499044
tinybert-l2,trec-covid,dbpedia-entity,single,6.475647754267066,0.1950682317657529,0.19351132888567518,0.28079771610499044
tinybert-l2,trec-dl-2019,dbpedia-entity,single,8.451099133079314,0.19256591816998547,0.041634555478264744,0.28079771610499044
tinybert-l2,trec-dl-2020,dbpedia-entity,single,10.691411076349695,0.19129530831999414,0.1593366715175545,0.28079771610499044
tinybert-l2,webis-touche2020,dbpedia-entity,single,11.081017457656968,0.19184850639596898,0.4306320382077706,0.28079771610499044
tinybert-l2,LODO,dbpedia-entity,lodo,8.562698581713242,0.19124664146833703,0.034984127825975056,0.28079771610499044
tinybert-l2,trec-covid,trec-covid,oracle,6.475647754267066,0.0553598708298456,0.0567159675459554,0.2760267762126459
tinybert-l2,dbpedia-entity,trec-covid,single,6.746783919426322,0.04908843573410023,0.15829237489195053,0.2760267762126459
tinybert-l2,trec-dl-2019,trec-covid,single,8.451099133079314,0.0661662012441523,0.1791512617562232,0.2760267762126459
tinybert-l2,trec-dl-2020,trec-covid,single,10.691411076349695,0.07225649341752255,0.35484585693545123,0.2760267762126459
tinybert-l2,webis-touche2020,trec-covid,single,11.081017457656968,0.07562903490590557,0.18297534717846034,0.2760267762126459
tinybert-l2,LODO,trec-covid,lodo,8.182572611260152,0.06595228905644872,0.2057951134594121,0.2760267762126459
tinybert-l2,trec-dl-2019,trec-dl-2019,oracle,8.451099133079314,0.1728713332262643,0.045696259564184626,0.32476386899356335
tinybert-l2,dbpedia-entity,trec-dl-2019,single,6.746783919426322,0.177625979708002,0.07436838935174013,0.32476386899356335
tinybert-l2,trec-covid,trec-dl-2019,single,6.475647754267066,0.1785512827498336,0.1770486410375109,0.32476386899356335
tinybert-l2,trec-dl-2020,trec-dl-2019,single,10.691411076349695,0.16979110248690565,0.16645386051293318,0.32476386899356335
tinybert-l2,webis-touche2020,trec-dl-2019,single,11.081017457656968,0.168001641515329,0.42347599133888925,0.32476386899356335
tinybert-l2,LODO,trec-dl-2019,lodo,7.691505790140263,0.17478756470878748,0.068894242606087,0.32476386899356335
tinybert-l2,trec-dl-2020,trec-dl-2020,oracle,10.691411076349695,0.343020605518916,0.028575318014952587,0.3948999321277538
tinybert-l2,dbpedia-entity,trec-dl-2020,single,6.746783919426322,0.34905374917059856,0.1599657280258738,0.3948999321277538
tinybert-l2,trec-covid,trec-dl-2020,single,6.475647754267066,0.3497610569807412,0.34824244289745077,0.3948999321277538
tinybert-l2,trec-dl-2019,trec-dl-2020,single,8.451099133079314,0.3455817711487481,0.17026476902656681,0.3948999321277538
tinybert-l2,webis-touche2020,trec-dl-2020,single,11.081017457656968,0.34225677542396304,0.6004810541521396,0.3948999321277538
tinybert-l2,LODO,trec-dl-2020,lodo,7.190045339170451,0.348002836291655,0.2098796508704355,0.3948999321277538
tinybert-l2,webis-touche2020,webis-touche2020,oracle,11.081017457656968,0.2443748899975663,0.060282551639199544,0.3388698973704668
tinybert-l2,dbpedia-entity,webis-touche2020,single,6.746783919426322,0.2603746533581296,0.4318971705390912,0.3388698973704668
tinybert-l2,trec-covid,webis-touche2020,single,6.475647754267066,0.26764483412481704,0.2689952543782393,0.3388698973704668
tinybert-l2,trec-dl-2019,webis-touche2020,single,8.451099133079314,0.267991507531337,0.42206588607215356,0.3388698973704668
tinybert-l2,trec-dl-2020,webis-touche2020,single,10.691411076349695,0.24615450672008707,0.5730941709346669,0.3388698973704668
tinybert-l2,LODO,webis-touche2020,lodo,7.768527479361049,0.26614643905147817,0.4419705886352304,0.3388698973704668
bge-reranker,dbpedia-entity,dbpedia-entity,oracle,2.9622344136277925,0.10694710886464144,0.0277744577922117,0.15928595726187778
bge-reranker,trec-covid,dbpedia-entity,single,4.386437927254441,0.1213105854626394,0.13953304095134675,0.15928595726187778
bge-reranker,trec-dl-2019,dbpedia-entity,single,3.2930198261318417,0.11076897523601027,0.03954967969535788,0.15928595726187778
bge-reranker,trec-dl-2020,dbpedia-entity,single,3.374813469346393,0.11133122681172498,0.16536512657017333,0.15928595726187778
bge-reranker,webis-touche2020,dbpedia-entity,single,6.78039382151909,0.14472088926927998,0.4004878089213228,0.15928595726187778
bge-reranker,LODO,dbpedia-entity,lodo,3.722217043267009,0.11364093908775974,0.04163774560101196,0.15928595726187778
bge-reranker,trec-covid,trec-covid,oracle,4.386437927254441,0.037300807860078715,0.041352451117748976,0.22759934087949446
bge-reranker,dbpedia-entity,trec-covid,single,2.9622344136277925,0.07947082777900923,0.08321526518056944,0.22759934087949446
bge-reranker,trec-dl-2019,trec-covid,single,3.2930198261318417,0.06905719330930873,0.11132529354881815,0.22759934087949446
bge-reranker,trec-dl-2020,trec-covid,single,3.374813469346393,0.066670981877761,0.2779222711154218,0.22759934087949446
bge-reranker,webis-touche2020,trec-covid,single,6.78039382151909,0.055323788636847386,0.19513868703643944,0.22759934087949446
bge-reranker,LODO,trec-covid,lodo,3.242319056466696,0.06949868343204639,0.13366884770785278,0.22759934087949446
bge-reranker,trec-dl-2019,trec-dl-2019,oracle,3.2930198261318417,0.14513211494920727,0.030534050968318942,0.2067809871810667
bge-reranker,dbpedia-entity,trec-dl-2019,single,2.9622344136277925,0.1432713447033661,0.04001759316912451,0.2067809871810667
bge-reranker,trec-covid,trec-dl-2019,single,4.386437927254441,0.14134356916493573,0.15931312812727652,0.2067809871810667
bge-reranker,trec-dl-2020,trec-dl-2019,single,3.374813469346393,0.14406951232865803,0.1534260233774404,0.2067809871810667
bge-reranker,webis-touche2020,trec-dl-2019,single,6.78039382151909,0.16312789635252978,0.4104498124092642,0.2067809871810667
bge-reranker,LODO,trec-dl-2019,lodo,3.4435560557726457,0.14479338136361875,0.03117357527740816,0.2067809871810667
bge-reranker,trec-dl-2020,trec-dl-2020,oracle,3.374813469346393,0.28573513322162913,0.019510214046954452,0.2618549014924856
bge-reranker,dbpedia-entity,trec-dl-2020,single,2.9622344136277925,0.28229545461845323,0.17480568885719225,0.2618549014924856
bge-reranker,trec-covid,trec-dl-2020,single,4.386437927254441,0.2927769727158454,0.31072154569752347,0.2618549014924856
bge-reranker,trec-dl-2019,trec-dl-2020,single,3.2930198261318417,0.28508155720883005,0.14707157608219928,0.2618549014924856
bge-reranker,webis-touche2020,trec-dl-2020,single,6.78039382151909,0.30458983583975296,0.573833621450323,0.2618549014924856
bge-reranker,LODO,trec-dl-2020,lodo,3.4286057782223387,0.2866648314687785,0.19767922296878554,0.2618549014924856
bge-reranker,webis-touche2020,webis-touche2020,oracle,6.78039382151909,0.23582532444277648,0.06837212649720384,0.29223438883024566
bge-reranker,dbpedia-entity,webis-touche2020,single,2.9622344136277925,0.24680204291201235,0.3383408316275751,0.29223438883024566
bge-reranker,trec-covid,webis-touche2020,single,4.386437927254441,0.24325078247853044,0.23223072378533194,0.29223438883024566
bge-reranker,trec-dl-2019,webis-touche2020,single,3.2930198261318417,0.2476535312737684,0.3528644640892093,0.29223438883024566
bge-reranker,trec-dl-2020,webis-touche2020,single,3.374813469346393,0.24317967225123877,0.48636319529093947,0.29223438883024566
bge-reranker,LODO,webis-touche2020,lodo,3.346340760060727,0.2424258570766674,0.3554389066791925,0.29223438883024566
electra-base,dbpedia-entity,dbpedia-entity,oracle,6.840410623534309,0.16383115670385506,0.03498932969844131,0.3298542455384036
electra-base,trec-covid,dbpedia-entity,single,4.770323590325675,0.16910541616177355,0.1691306166597169,0.3298542455384036
electra-base,trec-dl-2019,dbpedia-entity,single,5.92444572758636,0.16556144933689138,0.20209684281487317,0.3298542455384036
electra-base,trec-dl-2020,dbpedia-entity,single,2.8355608448606273,0.1829207434656313,0.06639605544018547,0.3298542455384036
electra-base,webis-touche2020,dbpedia-entity,single,6.095301965363325,0.16517513276340914,0.4520147200180262,0.3298542455384036
electra-base,LODO,dbpedia-entity,lodo,4.240671051711186,0.17160172068171706,0.14548955012817064,0.3298542455384036
electra-base,trec-covid,trec-covid,oracle,4.770323590325675,0.08449388259402354,0.08449831032619637,0.28495047029034926
electra-base,dbpedia-entity,trec-covid,single,6.840410623534309,0.07017046529521057,0.1706446636942638,0.28495047029034926
electra-base,trec-dl-2019,trec-covid,single,5.92444572758636,0.08948174539966329,0.08033808436072652,0.28495047029034926
electra-base,trec-dl-2020,trec-covid,single,2.8355608448606273,0.12327251032260605,0.1035275722681327,0.28495047029034926
electra-base,webis-touche2020,trec-covid,single,6.095301965363325,0.08840940037894444,0.23058575484766594,0.28495047029034926
electra-base,LODO,trec-covid,lodo,4.637257807424058,0.07978083032973204,0.13419583281186642,0.28495047029034926
electra-base,trec-dl-2019,trec-dl-2019,oracle,5.92444572758636,0.03483175462417156,0.0357678440418543,0.2497564008116564
electra-base,dbpedia-entity,trec-dl-2019,single,6.840410623534309,0.022336169004647098,0.15362101776661571,0.2497564008116564
electra-base,trec-covid,trec-dl-2019,single,4.770323590325675,0.06330637997605958,0.06328361644349677,0.2497564008116564
electra-base,trec-dl-2020,trec-dl-2019,single,2.8355608448606273,0.1428120988683657,0.1784527906579921,0.2497564008116564
electra-base,webis-touche2020,trec-dl-2019,single,6.095301965363325,0.029886248312302497,0.244469298526246,0.2497564008116564
electra-base,LODO,trec-dl-2019,lodo,4.25187957985507,0.08191284139261798,0.14982901820471553,0.2497564008116564
electra-base,trec-dl-2020,trec-dl-2020,oracle,2.8355608448606273,0.08693590715941601,0.01881360329854352,0.13876716977046266
electra-base,dbpedia-entity,trec-dl-2020,single,6.840410623534309,0.18529246105428235,0.050750379299881306,0.13876716977046266
electra-base,trec-covid,trec-dl-2020,single,4.770323590325675,0.14152922256706552,0.14155591389774896,0.13876716977046266
electra-base,trec-dl-2019,trec-dl-2020,single,5.92444572758636,0.1645403833738147,0.18165593488350895,0.13876716977046266
electra-base,webis-touche2020,trec-dl-2020,single,6.095301965363325,0.16752584912787008,0.4269224482043157,0.13876716977046266
electra-base,LODO,trec-dl-2020,lodo,5.890567962252717,0.16402770225070035,0.11307798712795673,0.13876716977046266
electra-base,webis-touche2020,webis-touche2020,oracle,6.095301965363325,0.24919549577266165,0.06829925104515785,0.2830240334026844
electra-base,dbpedia-entity,webis-touche2020,single,6.840410623534309,0.25294960135558864,0.40063636531247476,0.2830240334026844
electra-base,trec-covid,webis-touche2020,single,4.770323590325675,0.24161538664462434,0.2415980708258465,0.2830240334026844
electra-base,trec-dl-2019,webis-touche2020,single,5.92444572758636,0.2481875297783306,0.21223411939731557,0.2830240334026844
electra-base,trec-dl-2020,webis-touche2020,single,2.8355608448606273,0.21343941930330024,0.35881971550372427,0.2830240334026844
electra-base,LODO,webis-touche2020,lodo,4.624755877718932,0.23785999272042105,0.3363290902060045,0.2830240334026844
